Symbol,Company,Description,Sector,Industry,Weights
[object Object],N/A,N/A,N/A,N/A,N/A
TNOTE,N/A,N/A,N/A,N/A,N/A
[object Object],N/A,N/A,N/A,N/A,N/A
CFG V5.284 01/26/26,N/A,N/A,N/A,N/A,N/A
SUMIBK F 06/06/24 YCD,N/A,N/A,N/A,N/A,N/A
[object Object],N/A,N/A,N/A,N/A,N/A
[object Object],N/A,N/A,N/A,N/A,N/A
CCDJ V5.278 01/23/26 144A,N/A,N/A,N/A,N/A,N/A
[object Object],N/A,N/A,N/A,N/A,N/A
NACN 5.25 01/17/25,N/A,N/A,N/A,N/A,N/A
[object Object],N/A,N/A,N/A,N/A,N/A
[object Object],N/A,N/A,N/A,N/A,N/A
NYLIFE 3.855 08/26/24 144A,N/A,N/A,N/A,N/A,N/A
[object Object],N/A,N/A,N/A,N/A,N/A
[object Object],N/A,N/A,N/A,N/A,N/A
CAT F 11/14/24 MTN,N/A,N/A,N/A,N/A,N/A
[object Object],N/A,N/A,N/A,N/A,N/A
TOMARI 5.243 02/02/26 144A,N/A,N/A,N/A,N/A,N/A
AER 1.65 10/29/24,N/A,N/A,N/A,N/A,N/A
[object Object],N/A,N/A,N/A,N/A,N/A
[object Object],N/A,N/A,N/A,N/A,N/A
[object Object],N/A,N/A,N/A,N/A,N/A
[object Object],N/A,N/A,N/A,N/A,N/A
SHBASS,N/A,N/A,N/A,N/A,N/A
[object Object],N/A,N/A,N/A,N/A,N/A
HNDA 5 05/23/25,N/A,N/A,N/A,N/A,N/A
[object Object],N/A,N/A,N/A,N/A,N/A
[object Object],N/A,N/A,N/A,N/A,N/A
[object Object],N/A,N/A,N/A,N/A,N/A
WFC F 11/04/24 CD,N/A,N/A,N/A,N/A,N/A
NAB F 10/16/24 YCD,N/A,N/A,N/A,N/A,N/A
FHLB 4.9 11/22/23,N/A,N/A,N/A,N/A,N/A
[object Object],N/A,N/A,N/A,N/A,N/A
VW F 09/12/25 144A,N/A,N/A,N/A,N/A,N/A
[object Object],N/A,N/A,N/A,N/A,N/A
[object Object],N/A,N/A,N/A,N/A,N/A
BPCEGP,N/A,N/A,N/A,N/A,N/A
[object Object],N/A,N/A,N/A,N/A,N/A
[object Object],N/A,N/A,N/A,N/A,N/A
TOYOTA F 10/16/24 MTN,N/A,N/A,N/A,N/A,N/A
MASSMU F 07/10/26 144A,N/A,N/A,N/A,N/A,N/A
BPCEGP F 09/25/25 144A,N/A,N/A,N/A,N/A,N/A
TOYOTA F 08/22/24 MTN,N/A,N/A,N/A,N/A,N/A
[object Object],N/A,N/A,N/A,N/A,N/A
[object Object],N/A,N/A,N/A,N/A,N/A
ACAFP 5.568 02/28/25 144A,N/A,N/A,N/A,N/A,N/A
[object Object],N/A,N/A,N/A,N/A,N/A
[object Object],N/A,N/A,N/A,N/A,N/A
[object Object],N/A,N/A,N/A,N/A,N/A
[object Object],N/A,N/A,N/A,N/A,N/A
[object Object],N/A,N/A,N/A,N/A,N/A
BAC V5.08 01/20/27,N/A,N/A,N/A,N/A,N/A
[object Object],N/A,N/A,N/A,N/A,N/A
BFCM,N/A,N/A,N/A,N/A,N/A
[object Object],N/A,N/A,N/A,N/A,N/A
[object Object],N/A,N/A,N/A,N/A,N/A
VALET 2023-1 A2A,N/A,N/A,N/A,N/A,N/A
[object Object],N/A,N/A,N/A,N/A,N/A
[object Object],N/A,N/A,N/A,N/A,N/A
[object Object],N/A,N/A,N/A,N/A,N/A
[object Object],N/A,N/A,N/A,N/A,N/A
CM F 04/07/25,N/A,N/A,N/A,N/A,N/A
[object Object],N/A,N/A,N/A,N/A,N/A
[object Object],N/A,N/A,N/A,N/A,N/A
[object Object],N/A,N/A,N/A,N/A,N/A
[object Object],N/A,N/A,N/A,N/A,N/A
[object Object],N/A,N/A,N/A,N/A,N/A
CRBG F 09/25/26 144A,N/A,N/A,N/A,N/A,N/A
WMB 4.55 06/24/24,N/A,N/A,N/A,N/A,N/A
HPE 5.9 10/01/24,N/A,N/A,N/A,N/A,N/A
BAC V0.523 06/14/24 MTN,N/A,N/A,N/A,N/A,N/A
[object Object],N/A,N/A,N/A,N/A,N/A
[object Object],N/A,N/A,N/A,N/A,N/A
MS V3.62 04/17/25,N/A,N/A,N/A,N/A,N/A
[object Object],N/A,N/A,N/A,N/A,N/A
TOYOTA F 02/22/24 MTN,N/A,N/A,N/A,N/A,N/A
[object Object],N/A,N/A,N/A,N/A,N/A
HSBC V0.976 05/24/25,N/A,N/A,N/A,N/A,N/A
[object Object],N/A,N/A,N/A,N/A,N/A
CM 5.144 04/28/25,N/A,N/A,N/A,N/A,N/A
PNC V4.758 01/26/27,N/A,N/A,N/A,N/A,N/A
BMO 5.3 06/05/26,N/A,N/A,N/A,N/A,N/A
EVRG 2.45 09/15/24,N/A,N/A,N/A,N/A,N/A
BFCM 4.935 01/26/26 144A,N/A,N/A,N/A,N/A,N/A
[object Object],N/A,N/A,N/A,N/A,N/A
[object Object],N/A,N/A,N/A,N/A,N/A
BAC V3.841 04/25/25,N/A,N/A,N/A,N/A,N/A
[object Object],N/A,N/A,N/A,N/A,N/A
MS V0.79 05/30/25,N/A,N/A,N/A,N/A,N/A
ACAFP 5.589 07/05/26 144A,N/A,N/A,N/A,N/A,N/A
BNS 5.45 06/12/25,N/A,N/A,N/A,N/A,N/A
[object Object],N/A,N/A,N/A,N/A,N/A
ANZ 5.375 07/03/25,N/A,N/A,N/A,N/A,N/A
UBS,UBS Group AG,"UBS Group AG provides financial advice and solutions to private, institutional, and corporate clients worldwide. It operates through four divisions: Global Wealth Management, Personal & Corporate Banking, Asset Management, and Investment Bank. The Global Wealth Management division offers investment advice and solutions, and lending solutions. This segment also provides estate and wealth planning, investing, corporate and banking, and investment management, as well as mortgage, securities-based, and structured lending solutions. The Personal & Corporate Banking division provides personal banking products and services, such as deposits, cards, and online and mobile banking, as well as lending, investments, and retirement services; and corporate and institutional solutions, including equity and debt capital markets, syndicated and structured credit, private placements, leasing, traditional financing, trade and export finance, and global custody solutions, as well as transaction banking solutions for payment and cash management. The Asset Management division offers equities, fixed income, hedge funds, real estate and private markets, indexed and alternative beta strategies, asset allocation and currency investment strategies, customized multi-asset solutions, advisory and fiduciary services, and multi-manager hedge fund solutions and advisory services. The Investment Bank division advises clients on strategic business opportunities and helps them raise capital to fund their activities; enables its clients to buy, sell, and finance securities on capital markets and to manage their risks and liquidity; distribute, trade, finance, and clear cash equities and equity-linked products; and offers clients differentiated content on major financial markets and securities. The company was formerly known as UBS AG and changed its name to UBS Group AG in December 2014. UBS Group AG was founded in 1862 and is based in Zurich, Switzerland.",Financial Services,Banks - Diversified,0.32%
[object Object],N/A,N/A,N/A,N/A,N/A
BZLNZ,N/A,N/A,N/A,N/A,N/A
KCOT 2022-1A A3,N/A,N/A,N/A,N/A,N/A
[object Object],N/A,N/A,N/A,N/A,N/A
HART 2023-B A2A,N/A,N/A,N/A,N/A,N/A
EFNCN 6.271 06/26/26 144A,N/A,N/A,N/A,N/A,N/A
NACN V3.75 06/09/25,N/A,N/A,N/A,N/A,N/A
UBS F 09/11/25,N/A,N/A,N/A,N/A,N/A
KEY V0.433 06/14/24,N/A,N/A,N/A,N/A,N/A
SANTAN V0.701 06/30/24,N/A,N/A,N/A,N/A,N/A
BNS 4.75 02/02/26,N/A,N/A,N/A,N/A,N/A
AMGN 5.25 03/02/25,N/A,N/A,N/A,N/A,N/A
[object Object],N/A,N/A,N/A,N/A,N/A
[object Object],N/A,N/A,N/A,N/A,N/A
[object Object],N/A,N/A,N/A,N/A,N/A
GS 3 03/15/24,N/A,N/A,N/A,N/A,N/A
[object Object],N/A,N/A,N/A,N/A,N/A
NXPI 4.875 03/01/24,N/A,N/A,N/A,N/A,N/A
PFG F 08/28/25,N/A,N/A,N/A,N/A,N/A
UBS,UBS Group AG,"UBS Group AG provides financial advice and solutions to private, institutional, and corporate clients worldwide. It operates through four divisions: Global Wealth Management, Personal & Corporate Banking, Asset Management, and Investment Bank. The Global Wealth Management division offers investment advice and solutions, and lending solutions. This segment also provides estate and wealth planning, investing, corporate and banking, and investment management, as well as mortgage, securities-based, and structured lending solutions. The Personal & Corporate Banking division provides personal banking products and services, such as deposits, cards, and online and mobile banking, as well as lending, investments, and retirement services; and corporate and institutional solutions, including equity and debt capital markets, syndicated and structured credit, private placements, leasing, traditional financing, trade and export finance, and global custody solutions, as well as transaction banking solutions for payment and cash management. The Asset Management division offers equities, fixed income, hedge funds, real estate and private markets, indexed and alternative beta strategies, asset allocation and currency investment strategies, customized multi-asset solutions, advisory and fiduciary services, and multi-manager hedge fund solutions and advisory services. The Investment Bank division advises clients on strategic business opportunities and helps them raise capital to fund their activities; enables its clients to buy, sell, and finance securities on capital markets and to manage their risks and liquidity; distribute, trade, finance, and clear cash equities and equity-linked products; and offers clients differentiated content on major financial markets and securities. The company was formerly known as UBS AG and changed its name to UBS Group AG in December 2014. UBS Group AG was founded in 1862 and is based in Zurich, Switzerland.",Financial Services,Banks - Diversified,0.32%
HAROT 2023-1 A2,N/A,N/A,N/A,N/A,N/A
RABOBK F 01/12/24,N/A,N/A,N/A,N/A,N/A
CITNAT F 01/22/24 YCD,N/A,N/A,N/A,N/A,N/A
MUFG V5.719 02/20/26,N/A,N/A,N/A,N/A,N/A
DTRGR F 04/05/24 144A,N/A,N/A,N/A,N/A,N/A
[object Object],N/A,N/A,N/A,N/A,N/A
[object Object],N/A,N/A,N/A,N/A,N/A
[object Object],N/A,N/A,N/A,N/A,N/A
[object Object],N/A,N/A,N/A,N/A,N/A
PACLIF F 07/28/26 144A,N/A,N/A,N/A,N/A,N/A
SVELEV 0.8 02/10/24 144A,N/A,N/A,N/A,N/A,N/A
ATH F 05/24/24 144A,N/A,N/A,N/A,N/A,N/A
[object Object],N/A,N/A,N/A,N/A,N/A
INTNED V6.083 09/11/27,N/A,N/A,N/A,N/A,N/A
[object Object],N/A,N/A,N/A,N/A,N/A
BATSLN 3.222 08/15/24,N/A,N/A,N/A,N/A,N/A
[object Object],N/A,N/A,N/A,N/A,N/A
PENSKE 5.75 05/24/26 144A,N/A,N/A,N/A,N/A,N/A
DE F 07/03/25 MTN,N/A,N/A,N/A,N/A,N/A
SO F 05/08/25,N/A,N/A,N/A,N/A,N/A
GS 3.85 01/26/27,N/A,N/A,N/A,N/A,N/A
[object Object],N/A,N/A,N/A,N/A,N/A
[object Object],N/A,N/A,N/A,N/A,N/A
JXN,Jackson Financial Inc.,"Jackson Financial Inc., through its subsidiaries, primarily provides a suite of annuities to retail investors in the United States. The company operates through three segments: Retail Annuities, Institutional Products, and Closed Life and Annuity Blocks. The Retail Annuities segment offers various retirement income and savings products, including variable, fixed index, fixed, and payout annuities, as well as registered index-linked annuities and lifetime income solutions. The Institutional Products segment provides traditional guaranteed investment contracts; funding agreements comprising agreements issued in conjunction with its participation in the U.S. federal home loan bank program; and medium-term funding agreement-backed notes. The Closed Life and Annuity Blocks segment offers various protection products, such as whole life, universal life, variable universal life, and term life insurance products, as well as fixed, fixed index, and payout annuities; and a block of group payout annuities. The company also offers investment management services. It sells its products through a distribution network that includes independent broker-dealers, banks and other financial institutions, warehouses and regional broker-dealers, and independent registered investment advisors, third-party platforms, and insurance agents. The company was formerly known as Brooke (Holdco1) Inc. and changed its name to Jackson Financial Inc. in July 2020. Jackson Financial Inc. was incorporated in 2006 and is headquartered in Lansing, Michigan.",Financial Services,Insurance - Life,0.22%
CM F 12/14/23,N/A,N/A,N/A,N/A,N/A
GMCAR 2023-3 A2A,N/A,N/A,N/A,N/A,N/A
[object Object],N/A,N/A,N/A,N/A,N/A
NWG V5.847 03/02/27,N/A,N/A,N/A,N/A,N/A
NEE F 01/12/24,N/A,N/A,N/A,N/A,N/A
MS V5.05 01/28/27,N/A,N/A,N/A,N/A,N/A
CRBG F 12/15/23 144A,N/A,N/A,N/A,N/A,N/A
SUMIBK F 08/07/24 YCD,N/A,N/A,N/A,N/A,N/A
[object Object],N/A,N/A,N/A,N/A,N/A
TRPCN 1 10/12/24,N/A,N/A,N/A,N/A,N/A
HYNMTR 0.8 01/08/24 144A,N/A,N/A,N/A,N/A,N/A
SUMITR 0.85 03/25/24 144A,N/A,N/A,N/A,N/A,N/A
[object Object],N/A,N/A,N/A,N/A,N/A
HYNMTR 0.875 06/14/24 144A,N/A,N/A,N/A,N/A,N/A
STANLN V6.187 07/06/27 144A,N/A,N/A,N/A,N/A,N/A
GLENLN 4.625 04/29/24 144A,N/A,N/A,N/A,N/A,N/A
BNP 3.8 01/10/24 144A,N/A,N/A,N/A,N/A,N/A
ABBV 3.8 03/15/25,N/A,N/A,N/A,N/A,N/A
BHF 1.2 12/15/23 144A,N/A,N/A,N/A,N/A,N/A
BNS F 05/31/24 YCD,N/A,N/A,N/A,N/A,N/A
BALLY 2019-1A A1R,N/A,N/A,N/A,N/A,N/A
MAR 5.45 09/15/26,N/A,N/A,N/A,N/A,N/A
[object Object],N/A,N/A,N/A,N/A,N/A
TOYOTA F 01/11/24 MTN,N/A,N/A,N/A,N/A,N/A
[object Object],N/A,N/A,N/A,N/A,N/A
BMWOT 2023-A A2A,N/A,N/A,N/A,N/A,N/A
BAC V0.976 04/22/25,N/A,N/A,N/A,N/A,N/A
AXP 3.3 05/03/27,N/A,N/A,N/A,N/A,N/A
CCDJ F 05/21/24 144A,N/A,N/A,N/A,N/A,N/A
PEG 2.875 06/15/24,N/A,N/A,N/A,N/A,N/A
MDPK 2015-18A ARR,N/A,N/A,N/A,N/A,N/A
VW 4.25 11/13/23 144A,N/A,N/A,N/A,N/A,N/A
MAGNE 2016-18A AR2,N/A,N/A,N/A,N/A,N/A
HNDA F 06/07/24 GMTN,N/A,N/A,N/A,N/A,N/A
ELM18 2022-5A AR,N/A,N/A,N/A,N/A,N/A
CITNAT F 01/26/24 YCD,N/A,N/A,N/A,N/A,N/A
NRUC,N/A,N/A,N/A,N/A,N/A
DEFT 2023-3 A2,N/A,N/A,N/A,N/A,N/A
[object Object],N/A,N/A,N/A,N/A,N/A
GS V0.925 10/21/24,N/A,N/A,N/A,N/A,N/A
DTRGR 5.2 01/17/25 144A,N/A,N/A,N/A,N/A,N/A
[object Object],N/A,N/A,N/A,N/A,N/A
[object Object],N/A,N/A,N/A,N/A,N/A
EDPPL 3.625 07/15/24 144A,N/A,N/A,N/A,N/A,N/A
[object Object],N/A,N/A,N/A,N/A,N/A
[object Object],N/A,N/A,N/A,N/A,N/A
SO 2.2 09/15/24 A,N/A,N/A,N/A,N/A,N/A
HPE 1.45 04/01/24,N/A,N/A,N/A,N/A,N/A
CNP F 05/13/24,N/A,N/A,N/A,N/A,N/A
[object Object],N/A,N/A,N/A,N/A,N/A
HNDA F 11/22/24 MTN,N/A,N/A,N/A,N/A,N/A
NEE 5.749 09/01/25,N/A,N/A,N/A,N/A,N/A
PFAST 2023-1A A2,N/A,N/A,N/A,N/A,N/A
[object Object],N/A,N/A,N/A,N/A,N/A
OCP 2020-8RA A1,N/A,N/A,N/A,N/A,N/A
MCLO 2019-1A AANR,N/A,N/A,N/A,N/A,N/A
GS F 08/10/26,N/A,N/A,N/A,N/A,N/A
APID 2016-24A A1AL,N/A,N/A,N/A,N/A,N/A
SIEGR F 03/11/24 144A,N/A,N/A,N/A,N/A,N/A
[object Object],N/A,N/A,N/A,N/A,N/A
[object Object],N/A,N/A,N/A,N/A,N/A
NEE 4.255 09/01/24,N/A,N/A,N/A,N/A,N/A
MORGN 2019-4A AR,N/A,N/A,N/A,N/A,N/A
CRBG 5.75 07/02/26 144A,N/A,N/A,N/A,N/A,N/A
DRSLF 2017-47A A1R,N/A,N/A,N/A,N/A,N/A
INTNED,N/A,N/A,N/A,N/A,N/A
SUMITR F 09/16/24 144A,N/A,N/A,N/A,N/A,N/A
EFF 2022-4 A2,N/A,N/A,N/A,N/A,N/A
BACR V3.932 05/07/25,N/A,N/A,N/A,N/A,N/A
NEUB 2013-15A A1R2,N/A,N/A,N/A,N/A,N/A
MIZUHO 5.83 01/17/24 MTN,N/A,N/A,N/A,N/A,N/A
AL 0.8 08/18/24,N/A,N/A,N/A,N/A,N/A
[object Object],N/A,N/A,N/A,N/A,N/A
BAYNGR 3.875 12/15/23 144A,N/A,N/A,N/A,N/A,N/A
MUFG V0.962 10/11/25,N/A,N/A,N/A,N/A,N/A
WEC 0.8 03/15/24,N/A,N/A,N/A,N/A,N/A
LYB 5.75 04/15/24,N/A,N/A,N/A,N/A,N/A
[object Object],N/A,N/A,N/A,N/A,N/A
[object Object],N/A,N/A,N/A,N/A,N/A
DRSLF 2014-36A AR3,N/A,N/A,N/A,N/A,N/A
MBART 2023-1 A2,N/A,N/A,N/A,N/A,N/A
OCT30 2017-1A A1R,N/A,N/A,N/A,N/A,N/A
OCP 2017-13A A1AR,N/A,N/A,N/A,N/A,N/A
TDY 0.95 04/01/24,N/A,N/A,N/A,N/A,N/A
[object Object],N/A,N/A,N/A,N/A,N/A
UBS F 08/09/24 144A,N/A,N/A,N/A,N/A,N/A
GLENLN 4.125 03/12/24 144A,N/A,N/A,N/A,N/A,N/A
ABNANV V6.339 09/18/27 144A,N/A,N/A,N/A,N/A,N/A
SCHW F 03/18/24,N/A,N/A,N/A,N/A,N/A
MUFG V0.953 07/19/25,N/A,N/A,N/A,N/A,N/A
BACR V1.007 12/10/24,N/A,N/A,N/A,N/A,N/A
[object Object],N/A,N/A,N/A,N/A,N/A
WSTPNZ,N/A,N/A,N/A,N/A,N/A
HYNMTR 6 07/11/25 144A,N/A,N/A,N/A,N/A,N/A
WMB 4.3 03/04/24,N/A,N/A,N/A,N/A,N/A
MUFG F 07/05/24 YCD,N/A,N/A,N/A,N/A,N/A
[object Object],N/A,N/A,N/A,N/A,N/A
APID 2019-31A A1R,N/A,N/A,N/A,N/A,N/A
PSTAT 2022-1A A1,N/A,N/A,N/A,N/A,N/A
SYMP 2020-24A A,N/A,N/A,N/A,N/A,N/A
LLOYDS F 08/15/24 YCD,N/A,N/A,N/A,N/A,N/A
C 0.75 06/07/24 MTN,N/A,N/A,N/A,N/A,N/A
PXD 5.1 03/29/26,N/A,N/A,N/A,N/A,N/A
[object Object],N/A,N/A,N/A,N/A,N/A
GALXY_13-15A-ARR,N/A,N/A,N/A,N/A,N/A
WFC F 08/02/24 Cd,N/A,N/A,N/A,N/A,N/A
NBCLO 2017-1A A1R,N/A,N/A,N/A,N/A,N/A
MAGNE 2012-7A A1R2,N/A,N/A,N/A,N/A,N/A
FISV,N/A,N/A,N/A,N/A,N/A
[object Object],N/A,N/A,N/A,N/A,N/A
NEUB 2017-26A AR,N/A,N/A,N/A,N/A,N/A
CAH 3.079 06/15/24,N/A,N/A,N/A,N/A,N/A
[object Object],N/A,N/A,N/A,N/A,N/A
ET 4.9 02/01/24,N/A,N/A,N/A,N/A,N/A
COF V2.636 03/03/26,N/A,N/A,N/A,N/A,N/A
FE 5.5 08/15/24,N/A,N/A,N/A,N/A,N/A
NEUB 2020-37A AR,N/A,N/A,N/A,N/A,N/A
[object Object],N/A,N/A,N/A,N/A,N/A
SUMIBK 5.464 01/13/26,N/A,N/A,N/A,N/A,N/A
DTRGR 1.125 12/14/23 144A,N/A,N/A,N/A,N/A,N/A
CCDJ 0.7 05/21/24 144A,N/A,N/A,N/A,N/A,N/A
SANTAN 3.892 05/24/24,N/A,N/A,N/A,N/A,N/A
CNP 2.5 09/01/24,N/A,N/A,N/A,N/A,N/A
HYNMTR 5.8 06/26/25 144A,N/A,N/A,N/A,N/A,N/A
[object Object],N/A,N/A,N/A,N/A,N/A
[object Object],N/A,N/A,N/A,N/A,N/A
SEP 4.75 03/15/24,N/A,N/A,N/A,N/A,N/A
[object Object],N/A,N/A,N/A,N/A,N/A
SNX 1.25 08/09/24,N/A,N/A,N/A,N/A,N/A
UBS F 02/09/24 144A,N/A,N/A,N/A,N/A,N/A
WFC V3.908 04/25/26 MTN,N/A,N/A,N/A,N/A,N/A
HALST 2022-C A2A,N/A,N/A,N/A,N/A,N/A
CRBG 0.65 06/17/24 144A,N/A,N/A,N/A,N/A,N/A
[object Object],N/A,N/A,N/A,N/A,N/A
DEFT 2023-2 A2,N/A,N/A,N/A,N/A,N/A
[object Object],N/A,N/A,N/A,N/A,N/A
ANZ,N/A,N/A,N/A,N/A,N/A
CIFC 2017-5A A1,N/A,N/A,N/A,N/A,N/A
GM F 11/17/23,N/A,N/A,N/A,N/A,N/A
BMW F 04/01/24 144A,N/A,N/A,N/A,N/A,N/A
SSTAT 2021-1A A,N/A,N/A,N/A,N/A,N/A
GALXY 2018-28A A1,N/A,N/A,N/A,N/A,N/A
STZ 3.6 05/09/24,N/A,N/A,N/A,N/A,N/A
AEE 2.5 09/15/24,N/A,N/A,N/A,N/A,N/A
PEP F 11/12/24,N/A,N/A,N/A,N/A,N/A
[object Object],N/A,N/A,N/A,N/A,N/A
JACLIF 3.25 01/30/24 144A,N/A,N/A,N/A,N/A,N/A
LCM 24A AR,N/A,N/A,N/A,N/A,N/A
BALLY 2020-2A A1R,N/A,N/A,N/A,N/A,N/A
ATH 1 04/16/24 144A,N/A,N/A,N/A,N/A,N/A
RTX 3.2 03/15/24,N/A,N/A,N/A,N/A,N/A
SUMITR 5.65 03/09/26 144A,N/A,N/A,N/A,N/A,N/A
MAGNE 2020-25A A,N/A,N/A,N/A,N/A,N/A
EFNCN,N/A,N/A,N/A,N/A,N/A
PSTAT 2021-2A A1,N/A,N/A,N/A,N/A,N/A
PSTAT 2021-4A A1,N/A,N/A,N/A,N/A,N/A
WIT,Wipro Limited,"Wipro Limited operates as an information technology (IT), consulting, and business process services company worldwide. It operates through three segments: IT Services, IT Products, and India State Run Enterprise Services (ISRE). The IT Services segment offers IT and IT-enabled services, including digital strategy advisory, customer-centric design, technology and IT consulting, custom application design, development, re-engineering and maintenance, systems integration, package implementation, cloud and infrastructure, business process, cloud, mobility and analytics, research and development, and hardware and software design services to enterprises. It serves customers in various industry sectors, such as healthcare and medical devices, consumer goods and life sciences, retail, transportation and services, communications, media and information services, technology products and platforms, banking, financial services and insurance, manufacturing, hi-tech, energy, and utilities. The IT Products segment provides a range of third-party IT products comprising enterprise platforms, networking solutions, software and data storage products, contact center infrastructure, enterprise security, IT optimization technologies, video solutions, and end-user computing solutions. It serves enterprises in various industries primarily in the Indian market, which comprise the government, defense, IT and IT-enabled services, telecommunications, manufacturing, utilities, education, and financial services sectors. The ISRE segment offers IT services to entities and departments owned or controlled by the Government of India and/or various Indian State Governments. It also provides cybersecurity consulting services. The company has a partnership with ServiceNow, Inc. to develop Wipro CyberTransform - Intelligent ServiceNow Risk and Security Solutions. The company was incorporated in 1945 and is based in Bengaluru, India.",Technology,Information Technology Services,0.09%
COF V1.343 12/06/24,N/A,N/A,N/A,N/A,N/A
LCM 29A AR,N/A,N/A,N/A,N/A,N/A
ENBCN 3.5 06/10/24,N/A,N/A,N/A,N/A,N/A
AXP 5.85 11/05/27,N/A,N/A,N/A,N/A,N/A
WFC V0.805 05/19/25 MTN,N/A,N/A,N/A,N/A,N/A
[object Object],N/A,N/A,N/A,N/A,N/A
NWG F 08/12/24 144A,N/A,N/A,N/A,N/A,N/A
LCM 25A AR,N/A,N/A,N/A,N/A,N/A
LCM 14A AR,N/A,N/A,N/A,N/A,N/A
COF V1.878 11/02/27,N/A,N/A,N/A,N/A,N/A
GM 1.05 03/08/24,N/A,N/A,N/A,N/A,N/A
KKR 32A A1,N/A,N/A,N/A,N/A,N/A
BHF 1.75 01/13/25 144A,N/A,N/A,N/A,N/A,N/A
[object Object],N/A,N/A,N/A,N/A,N/A
DTRGR,N/A,N/A,N/A,N/A,N/A
[object Object],N/A,N/A,N/A,N/A,N/A
NBCLO 2016-1A A1R,N/A,N/A,N/A,N/A,N/A
FOXA 4.03 01/25/24,N/A,N/A,N/A,N/A,N/A
HNDA 4.6 04/17/25 A,N/A,N/A,N/A,N/A,N/A
TSYMP 2017-1A AR,N/A,N/A,N/A,N/A,N/A
DNBNO V5.896 10/09/26 144A,N/A,N/A,N/A,N/A,N/A
ARES 2016-40A A1RR,N/A,N/A,N/A,N/A,N/A
CI 3.5 06/15/24 *,N/A,N/A,N/A,N/A,N/A
OKE 2.75 09/01/24,N/A,N/A,N/A,N/A,N/A
[object Object],N/A,N/A,N/A,N/A,N/A
ES 4.2 06/27/24,N/A,N/A,N/A,N/A,N/A
[object Object],N/A,N/A,N/A,N/A,N/A
MGCN 3.625 06/15/24,N/A,N/A,N/A,N/A,N/A
[object Object],N/A,N/A,N/A,N/A,N/A
HLNLN 3.125 03/24/25,N/A,N/A,N/A,N/A,N/A
PSTAT 2020-4A A1,N/A,N/A,N/A,N/A,N/A
APH 3.2 04/01/24,N/A,N/A,N/A,N/A,N/A
PENSKE 2.7 11/01/24 144A,N/A,N/A,N/A,N/A,N/A
BMO F 12/08/23,N/A,N/A,N/A,N/A,N/A
NEUB 2013-14A AR2,N/A,N/A,N/A,N/A,N/A
VW 0.875 11/22/23 144A,N/A,N/A,N/A,N/A,N/A
GM 3.95 04/13/24,N/A,N/A,N/A,N/A,N/A
NRUC 0.35 02/08/24,N/A,N/A,N/A,N/A,N/A
NEE 6.051 03/01/25,N/A,N/A,N/A,N/A,N/A
FORDR 2019-1 A,N/A,N/A,N/A,N/A,N/A
CS V2.593 09/11/25 144A,N/A,N/A,N/A,N/A,N/A
TLSAU,N/A,N/A,N/A,N/A,N/A
AVY 0.85 08/15/24,N/A,N/A,N/A,N/A,N/A
WOART 2021-A A3,N/A,N/A,N/A,N/A,N/A
[object Object],N/A,N/A,N/A,N/A,N/A
GS 4 03/03/24,N/A,N/A,N/A,N/A,N/A
MAGNE 2016-17A AR,N/A,N/A,N/A,N/A,N/A
CFII 2023-2A A1,N/A,N/A,N/A,N/A,N/A
EFF_21-1-A2,N/A,N/A,N/A,N/A,N/A
SHW 4.05 08/08/24,N/A,N/A,N/A,N/A,N/A
MCHP 4.25 09/01/25,N/A,N/A,N/A,N/A,N/A
COPAR 2021-1 A3,N/A,N/A,N/A,N/A,N/A
AXP 3.375 05/03/24,N/A,N/A,N/A,N/A,N/A
[object Object],N/A,N/A,N/A,N/A,N/A
OCP 2019-17A A1R,N/A,N/A,N/A,N/A,N/A
GS 3.75 02/25/26,N/A,N/A,N/A,N/A,N/A
KKR 28A A,N/A,N/A,N/A,N/A,N/A
DEFT 2022-1 A3,N/A,N/A,N/A,N/A,N/A
SANTAN 2.706 06/27/24,N/A,N/A,N/A,N/A,N/A
[object Object],N/A,N/A,N/A,N/A,N/A
KIAMTR 1 04/16/24 144A,N/A,N/A,N/A,N/A,N/A
DWOLF 2017-1A AR,N/A,N/A,N/A,N/A,N/A
ARIFL 2023-A A2,N/A,N/A,N/A,N/A,N/A
CIFC 2018-4A A1,N/A,N/A,N/A,N/A,N/A
COF F 12/06/24,N/A,N/A,N/A,N/A,N/A
[object Object],N/A,N/A,N/A,N/A,N/A
OSD 2023-27A A,N/A,N/A,N/A,N/A,N/A
CCDJ,N/A,N/A,N/A,N/A,N/A
[object Object],N/A,N/A,N/A,N/A,N/A
STANLN V1.214 03/23/25 144A,N/A,N/A,N/A,N/A,N/A
HART_21-A-,N/A,N/A,N/A,N/A,N/A
[object Object],N/A,N/A,N/A,N/A,N/A
PLMRS 2018-2A A1A,N/A,N/A,N/A,N/A,N/A
[object Object],N/A,N/A,N/A,N/A,N/A
MS V1.164 10/21/25 MTN,N/A,N/A,N/A,N/A,N/A
LCM 26A A1,N/A,N/A,N/A,N/A,N/A
BK V4.414 07/24/26,N/A,N/A,N/A,N/A,N/A
ORCL 2.5 04/01/25,N/A,N/A,N/A,N/A,N/A
[object Object],N/A,N/A,N/A,N/A,N/A
[object Object],N/A,N/A,N/A,N/A,N/A
[object Object],N/A,N/A,N/A,N/A,N/A
GS 3.85 07/08/24 MTN,N/A,N/A,N/A,N/A,N/A
EMACN 0.833 06/15/24,N/A,N/A,N/A,N/A,N/A
STANLN F 03/30/26 144A,N/A,N/A,N/A,N/A,N/A
[object Object],N/A,N/A,N/A,N/A,N/A
[object Object],N/A,N/A,N/A,N/A,N/A
C V0.776 10/30/24,N/A,N/A,N/A,N/A,N/A
SOCGEN 2.625 10/16/24 144A,N/A,N/A,N/A,N/A,N/A
MUFG 2.193 02/25/25,N/A,N/A,N/A,N/A,N/A
KKR 24 A1R,N/A,N/A,N/A,N/A,N/A
NWG V4.269 03/22/25,N/A,N/A,N/A,N/A,N/A
AIMCO 2019-10A AR,N/A,N/A,N/A,N/A,N/A
ELM10 2021-3A A,N/A,N/A,N/A,N/A,N/A
CS F 02/02/24,N/A,N/A,N/A,N/A,N/A
SOCGEN 3.875 03/28/24 144A,N/A,N/A,N/A,N/A,N/A
STANLN V0.991 01/12/25 144A,N/A,N/A,N/A,N/A,N/A
SANTAN 3.496 03/24/25,N/A,N/A,N/A,N/A,N/A
MAGNE 2014-8A AR2,N/A,N/A,N/A,N/A,N/A
NGGLN,N/A,N/A,N/A,N/A,N/A
FORDL_23-A-A2A,N/A,N/A,N/A,N/A,N/A
[object Object],N/A,N/A,N/A,N/A,N/A
ATH 0.95 01/08/24 144A,N/A,N/A,N/A,N/A,N/A
WFC F 08/02/24 cD,N/A,N/A,N/A,N/A,N/A
ENELIM 2.65 09/10/24 144A,N/A,N/A,N/A,N/A,N/A
FISV,N/A,N/A,N/A,N/A,N/A
ETR 0.62 11/17/23,N/A,N/A,N/A,N/A,N/A
BMW F 08/11/25 144A,N/A,N/A,N/A,N/A,N/A
MPC 3.625 09/15/24,N/A,N/A,N/A,N/A,N/A
PNC 3.5 01/23/24,N/A,N/A,N/A,N/A,N/A
OCP 2020-18A AR,N/A,N/A,N/A,N/A,N/A
DTRGR 2 12/14/26 144A,N/A,N/A,N/A,N/A,N/A
BATSLN 2.789 09/06/24,N/A,N/A,N/A,N/A,N/A
OCT35 2018-1A A1A,N/A,N/A,N/A,N/A,N/A
VW,N/A,N/A,N/A,N/A,N/A
GALXY 2015-19A A1RR,N/A,N/A,N/A,N/A,N/A
ATCLO 2019-13A A1NR,N/A,N/A,N/A,N/A,N/A
TTWO 3.55 04/14/25,N/A,N/A,N/A,N/A,N/A
HNDA F 04/23/25,N/A,N/A,N/A,N/A,N/A
MS V0.529 01/25/24,N/A,N/A,N/A,N/A,N/A
BAX 0.868 12/01/23,N/A,N/A,N/A,N/A,N/A
OSD 2021-23A A,N/A,N/A,N/A,N/A,N/A
DTE 2.529 10/01/24 C,N/A,N/A,N/A,N/A,N/A
COF V4.985 07/24/26,N/A,N/A,N/A,N/A,N/A
ARAMCO 1.25 11/24/23 144A,N/A,N/A,N/A,N/A,N/A
HYNMTR,N/A,N/A,N/A,N/A,N/A
GLD11 2015-11A AR2,N/A,N/A,N/A,N/A,N/A
SYMP 2018-19A A,N/A,N/A,N/A,N/A,N/A
HART 2021-A A3,N/A,N/A,N/A,N/A,N/A
MIZUHO V2.226 05/25/26,N/A,N/A,N/A,N/A,N/A
BNS 1.3 09/15/26,N/A,N/A,N/A,N/A,N/A
CMS 3.875 03/01/24,N/A,N/A,N/A,N/A,N/A
CGMS 2015-5A A1RR,N/A,N/A,N/A,N/A,N/A
BFCM 0.65 02/27/24 144A,N/A,N/A,N/A,N/A,N/A
CGMS 2015-1A AR3,N/A,N/A,N/A,N/A,N/A
SNDPT 2019-1A AR,N/A,N/A,N/A,N/A,N/A
nan,N/A,N/A,N/A,N/A,N/A
PACLIF F 06/16/25 144A,N/A,N/A,N/A,N/A,N/A
NACN 0.75 08/06/24 FXD,N/A,N/A,N/A,N/A,N/A
GM 5.1 01/17/24,N/A,N/A,N/A,N/A,N/A
[object Object],N/A,N/A,N/A,N/A,N/A
SDART 2023-1 A2,N/A,N/A,N/A,N/A,N/A
BHF 1 04/12/24 144A,N/A,N/A,N/A,N/A,N/A
VMW 1 08/15/24,N/A,N/A,N/A,N/A,N/A
CPB 3.95 03/15/25,N/A,N/A,N/A,N/A,N/A
DRSLF 2018-58A A1,N/A,N/A,N/A,N/A,N/A
ASBBNK,N/A,N/A,N/A,N/A,N/A
[object Object],N/A,N/A,N/A,N/A,N/A
VW 2.85 09/26/24 144A,N/A,N/A,N/A,N/A,N/A
STT 3.7 11/20/23,N/A,N/A,N/A,N/A,N/A
FITB 2.55 05/05/27,N/A,N/A,N/A,N/A,N/A
GS V1.093 12/09/26 VAR,N/A,N/A,N/A,N/A,N/A
GMALT_22-2-A2,N/A,N/A,N/A,N/A,N/A
[object Object],N/A,N/A,N/A,N/A,N/A
AMT 2.4 03/15/25,N/A,N/A,N/A,N/A,N/A
BAYNGR 4.25 12/15/25 144A,N/A,N/A,N/A,N/A,N/A
DRSLF 2013-26A AR,N/A,N/A,N/A,N/A,N/A
SLB 4 12/21/25 144A,N/A,N/A,N/A,N/A,N/A
KDP 3.13 12/15/23,N/A,N/A,N/A,N/A,N/A
MDLZ 0.75 09/24/24 144A,N/A,N/A,N/A,N/A,N/A
OMC 3.65 11/01/24,N/A,N/A,N/A,N/A,N/A
DTRGR,N/A,N/A,N/A,N/A,N/A
ROP 2.35 09/15/24,N/A,N/A,N/A,N/A,N/A
BSP_3R-R-A1R,N/A,N/A,N/A,N/A,N/A
HNDA 0.75 08/09/24 MTN,N/A,N/A,N/A,N/A,N/A
AALLN 3.625 09/11/24 144A,N/A,N/A,N/A,N/A,N/A
LLOYDS 3.9 03/12/24,N/A,N/A,N/A,N/A,N/A
BAC F 08/18/25,N/A,N/A,N/A,N/A,N/A
HYNMTR 1 09/17/24 144A,N/A,N/A,N/A,N/A,N/A
DTE 4.22 11/01/24,N/A,N/A,N/A,N/A,N/A
DRSLF 2015-41A AR,N/A,N/A,N/A,N/A,N/A
SPLLLC 5.75 05/15/24,N/A,N/A,N/A,N/A,N/A
CGMS 2015-4A A1R,N/A,N/A,N/A,N/A,N/A
HSBC V3.803 03/11/25,N/A,N/A,N/A,N/A,N/A
GILD 3.7 04/01/24,N/A,N/A,N/A,N/A,N/A
[object Object],N/A,N/A,N/A,N/A,N/A
[object Object],N/A,N/A,N/A,N/A,N/A
PENSKE 3.9 02/01/24 144A,N/A,N/A,N/A,N/A,N/A
ONT 3.05 01/29/24,N/A,N/A,N/A,N/A,N/A
[object Object],N/A,N/A,N/A,N/A,N/A
ICE 3.65 05/23/25,N/A,N/A,N/A,N/A,N/A
SWK 2.3 02/24/25,N/A,N/A,N/A,N/A,N/A
WLAKE 2021-3A A3,N/A,N/A,N/A,N/A,N/A
BAX 2.6 08/15/26,N/A,N/A,N/A,N/A,N/A
ENELIM 6.8 10/14/25 144A,N/A,N/A,N/A,N/A,N/A
GP 0.625 05/15/24 144A,N/A,N/A,N/A,N/A,N/A
KKR 23 A1,N/A,N/A,N/A,N/A,N/A
MO 2.35 05/06/25,N/A,N/A,N/A,N/A,N/A
WLK 0.875 08/15/24,N/A,N/A,N/A,N/A,N/A
CAG 4.3 05/01/24,N/A,N/A,N/A,N/A,N/A
PENSKE 3.4 11/15/26 144A,N/A,N/A,N/A,N/A,N/A
CRVNA 2022-P1 A2,N/A,N/A,N/A,N/A,N/A
VENTR 2021-43A X,N/A,N/A,N/A,N/A,N/A
GRNPK 2018-1A A2,N/A,N/A,N/A,N/A,N/A
VOYA 2015-1A A1R,N/A,N/A,N/A,N/A,N/A
EQH,"Equitable Holdings, Inc.","Equitable Holdings, Inc., together with its consolidated subsidiaries, operates as a diversified financial services company worldwide. The company operates through four segments: Individual Retirement, Group Retirement, Investment Management and Research, and Protection Solutions. The Individual Retirement segment offers a suite of variable annuity products primarily to affluent and high net worth individuals. The Group Retirement segment provides tax-deferred investment and retirement services or products to plans sponsored by educational entities, municipalities, and not-for-profit entities, as well as small and medium-sized businesses. The Investment Management and Research segment offers diversified investment management, research, and related solutions to various clients through institutional. The Protection Solutions segment provides life insurance products such as VUL insurance and IUL insurance and our employee benefits business on small and medium-sized businesses. The company was formerly known as AXA Equitable Holdings, Inc. and changed its name to Equitable Holdings, Inc. in January 2020. Equitable Holdings, Inc. was founded in 1859 and is based in New York, New York.",Financial Services,Insurance—Diversified,0.02%
SUNTOR,N/A,N/A,N/A,N/A,N/A
KMI 5.625 11/15/23 144A,N/A,N/A,N/A,N/A,N/A
[object Object],N/A,N/A,N/A,N/A,N/A
MAGNE 2015-15A AR,N/A,N/A,N/A,N/A,N/A
SO 0.6 02/26/24 21-A,N/A,N/A,N/A,N/A,N/A
PENSKE,N/A,N/A,N/A,N/A,N/A
JXN 1.75 01/12/25 144A,N/A,N/A,N/A,N/A,N/A
NI 3.49 05/15/27,N/A,N/A,N/A,N/A,N/A
STZ 3.7 12/06/26,N/A,N/A,N/A,N/A,N/A
AIMCO 2020-12A AR,N/A,N/A,N/A,N/A,N/A
SCUL 27A X,N/A,N/A,N/A,N/A,N/A
[object Object],N/A,N/A,N/A,N/A,N/A
SEP 3.5 03/15/25,N/A,N/A,N/A,N/A,N/A
FLAT 2018-1A A,N/A,N/A,N/A,N/A,N/A
BAYNGR 3.375 07/15/24 144A,N/A,N/A,N/A,N/A,N/A
MDPK 2015-19A A1R2,N/A,N/A,N/A,N/A,N/A
SYK 0.6 12/01/23,N/A,N/A,N/A,N/A,N/A
KMI 4.3 05/01/24,N/A,N/A,N/A,N/A,N/A
TOMARI 2.5 10/30/24 144A,N/A,N/A,N/A,N/A,N/A
MMP 5 03/01/26,N/A,N/A,N/A,N/A,N/A
T 0.9 03/25/24,N/A,N/A,N/A,N/A,N/A
[object Object],N/A,N/A,N/A,N/A,N/A
[object Object],N/A,N/A,N/A,N/A,N/A
DELL 6.02 06/15/26,N/A,N/A,N/A,N/A,N/A
NEUB 2017-16SA XR,N/A,N/A,N/A,N/A,N/A
PRU 4.419 11/15/23,N/A,N/A,N/A,N/A,N/A
CGCMT 2018-B2 A2,N/A,N/A,N/A,N/A,N/A
AZO 3.75 06/01/27,N/A,N/A,N/A,N/A,N/A
ARES 2013-2A XR2,N/A,N/A,N/A,N/A,N/A
BCC 2019-1A X,N/A,N/A,N/A,N/A,N/A
DTE 2.85 10/01/26,N/A,N/A,N/A,N/A,N/A
BAC V3.458 03/15/25 MTN,N/A,N/A,N/A,N/A,N/A
EXC 2.75 03/15/27,N/A,N/A,N/A,N/A,N/A
CI 3.25 04/15/25 *,N/A,N/A,N/A,N/A,N/A
BAYNGR 3.375 10/08/24 144A,N/A,N/A,N/A,N/A,N/A
MS V0.791 01/22/25 GMTN,N/A,N/A,N/A,N/A,N/A
WFCM 2018-C46 A2,N/A,N/A,N/A,N/A,N/A
BSP 2013-IIA A1R2,N/A,N/A,N/A,N/A,N/A
[object Object],N/A,N/A,N/A,N/A,N/A
AIMCO 2020-12A XR,N/A,N/A,N/A,N/A,N/A
AMT,American Tower Corporation,"American Tower, one of the largest global REITs, is a leading independent owner, operator and developer of multitenant communications real estate with a portfolio of nearly 225,000 communications sites and a highly interconnected footprint of U.S. data center facilities.",Real Estate,REIT—Specialty,0.01%
[object Object],N/A,N/A,N/A,N/A,N/A
DTRGR 3.65 04/07/27 144A,N/A,N/A,N/A,N/A,N/A
[object Object],N/A,N/A,N/A,N/A,N/A
WLK 3.6 08/15/26,N/A,N/A,N/A,N/A,N/A
LHX 3.85 12/15/26,N/A,N/A,N/A,N/A,N/A
FITB 3.65 01/25/24,N/A,N/A,N/A,N/A,N/A
PENSKE 3.95 03/10/25 144A,N/A,N/A,N/A,N/A,N/A
ENELIM 1.375 07/12/26 144A,N/A,N/A,N/A,N/A,N/A
GRNPK 2018-1A A1,N/A,N/A,N/A,N/A,N/A
AEE 1.95 03/15/27,N/A,N/A,N/A,N/A,N/A
GLM 2022-12A X,N/A,N/A,N/A,N/A,N/A
GS,"The Goldman Sachs Group, Inc.","The Goldman Sachs Group, Inc., a financial institution, provides a range of financial services for corporations, financial institutions, governments, and individuals worldwide. It operates through Global Banking & Markets, Asset & Wealth Management, and Platform Solutions segments. The Global Banking & Markets segment provides financial advisory services, including strategic advisory assignments related to mergers and acquisitions, divestitures, corporate defense activities, restructurings, and spin-offs; and relationship lending, and acquisition financing, as well as secured lending, through structured credit and asset-backed lending and involved in resale agreements. This segment also offers client execution activities for cash and derivative instruments; credit and interest rate products; and provision of mortgages, currencies, commodities, and equities related products, as well as underwriting services. The Asset & Wealth Management segment manages assets across various classes, including equity, fixed income, hedge funds, credit funds, private equity, real estate, currencies, and commodities; and provides customized investment advisory solutions, wealth advisory services, personalized financial planning, and private banking services, as well as invests in corporate equity, credit, real estate, and infrastructure assets. The Platform Solutions segment offers credit cards and point-of-sale financing for purchase of goods or services. This segment also provides cash management services, such as deposit-taking and payment solutions for corporate and institutional clients. The Goldman Sachs Group, Inc. was founded in 1869 and is headquartered in New York, New York.",Financial Services,Capital Markets,0.01%
HYNMTR 1.5 06/15/26 144A,N/A,N/A,N/A,N/A,N/A
BAC V3.093 10/01/25 MtN,N/A,N/A,N/A,N/A,N/A
DTRGR 1.625 12/13/24 144A,N/A,N/A,N/A,N/A,N/A
SNDPT 2013-1A A1R,N/A,N/A,N/A,N/A,N/A
GALXY 2016-22A XRR,N/A,N/A,N/A,N/A,N/A
BCC 2020-3A X,N/A,N/A,N/A,N/A,N/A
BRKHEC 3.75 11/15/23,N/A,N/A,N/A,N/A,N/A
[object Object],N/A,N/A,N/A,N/A,N/A
DELL 4 07/15/24,N/A,N/A,N/A,N/A,N/A
HYNMTR 5.5 03/30/26 144A,N/A,N/A,N/A,N/A,N/A
LOW 3.375 09/15/25,N/A,N/A,N/A,N/A,N/A
VW 4.625 11/13/25 144A,N/A,N/A,N/A,N/A,N/A
VOYA 2017-3A XR,N/A,N/A,N/A,N/A,N/A
ICG 2016-1A XRR,N/A,N/A,N/A,N/A,N/A
DELL 4.9 10/01/26,N/A,N/A,N/A,N/A,N/A
AMT 4.4 02/15/26,N/A,N/A,N/A,N/A,N/A
TTWO 5 03/28/26,N/A,N/A,N/A,N/A,N/A
AVOL 5.25 05/15/24 144A,N/A,N/A,N/A,N/A,N/A
SHW 3.125 06/01/24,N/A,N/A,N/A,N/A,N/A
CARMX_22-2-A2,N/A,N/A,N/A,N/A,N/A
DRSLF 2013-30A AR,N/A,N/A,N/A,N/A,N/A
OCP 2018-15A A1,N/A,N/A,N/A,N/A,N/A
HYNMTR 1.8 10/15/25 144A,N/A,N/A,N/A,N/A,N/A
CPB 3.3 03/19/25,N/A,N/A,N/A,N/A,N/A
MDPK 2021-52A X,N/A,N/A,N/A,N/A,N/A
HSBC 5.625 03/17/25,N/A,N/A,N/A,N/A,N/A
CEDF 2013-1A AXR,N/A,N/A,N/A,N/A,N/A
OCP 2015-9A X,N/A,N/A,N/A,N/A,N/A
[object Object],N/A,N/A,N/A,N/A,N/A
KEY 5.85 11/15/27 BKNT,N/A,N/A,N/A,N/A,N/A
GLM 2022-14A X,N/A,N/A,N/A,N/A,N/A
LH 3.25 09/01/24,N/A,N/A,N/A,N/A,N/A
HYNMTR 1.65 09/17/26 144A,N/A,N/A,N/A,N/A,N/A
JXN,Jackson Financial Inc.,"Jackson Financial Inc., through its subsidiaries, primarily provides a suite of annuities to retail investors in the United States. The company operates through three segments: Retail Annuities, Institutional Products, and Closed Life and Annuity Blocks. The Retail Annuities segment offers various retirement income and savings products, including variable, fixed index, fixed, and payout annuities, as well as registered index-linked annuities and lifetime income solutions. The Institutional Products segment provides traditional guaranteed investment contracts; funding agreements comprising agreements issued in conjunction with its participation in the U.S. federal home loan bank program; and medium-term funding agreement-backed notes. The Closed Life and Annuity Blocks segment offers various protection products, such as whole life, universal life, variable universal life, and term life insurance products, as well as fixed, fixed index, and payout annuities; and a block of group payout annuities. The company also offers investment management services. It sells its products through a distribution network that includes independent broker-dealers, banks and other financial institutions, warehouses and regional broker-dealers, and independent registered investment advisors, third-party platforms, and insurance agents. The company was formerly known as Brooke (Holdco1) Inc. and changed its name to Jackson Financial Inc. in July 2020. Jackson Financial Inc. was incorporated in 2006 and is headquartered in Lansing, Michigan.",Financial Services,Insurance—Life,0.22%
NEE 1.875 01/15/27,N/A,N/A,N/A,N/A,N/A
BKPRK 2019-1A XR,N/A,N/A,N/A,N/A,N/A
BMARK 2018-B3 A2,N/A,N/A,N/A,N/A,N/A
CIFC 2017-1A AR,N/A,N/A,N/A,N/A,N/A
GIS 4 04/17/25,N/A,N/A,N/A,N/A,N/A
ATCLO 2021-18A X,N/A,N/A,N/A,N/A,N/A
AMT 1.6 04/15/26,N/A,N/A,N/A,N/A,N/A
NEE 4.2 06/20/24,N/A,N/A,N/A,N/A,N/A
PNW 2.55 09/15/26,N/A,N/A,N/A,N/A,N/A
BDX 3.363 06/06/24,N/A,N/A,N/A,N/A,N/A
MBGGR 0.75 03/01/24 144A,N/A,N/A,N/A,N/A,N/A
PFG 0.5 01/08/24 144A,N/A,N/A,N/A,N/A,N/A
[object Object],N/A,N/A,N/A,N/A,N/A
OAKC 2016-13A XR,N/A,N/A,N/A,N/A,N/A
GS V3.272 09/29/25,N/A,N/A,N/A,N/A,N/A
CAT 3.75 11/24/23 MTN,N/A,N/A,N/A,N/A,N/A
TTWO 3.3 03/28/24,N/A,N/A,N/A,N/A,N/A
FIS 0.6 03/01/24,N/A,N/A,N/A,N/A,N/A
AMGN 1.9 02/21/25,N/A,N/A,N/A,N/A,N/A
ICG 2014-1A XR,N/A,N/A,N/A,N/A,N/A
VENTR 2019-36A XR,N/A,N/A,N/A,N/A,N/A
WFC 3.75 01/24/24 MTN,N/A,N/A,N/A,N/A,N/A
NEE 3.55 05/01/27,N/A,N/A,N/A,N/A,N/A
TOYOTA 0.45 01/11/24 MTN,N/A,N/A,N/A,N/A,N/A
HYNMTR 4.3 02/01/24 144A,N/A,N/A,N/A,N/A,N/A
ABBV 2.6 11/21/24,N/A,N/A,N/A,N/A,N/A
HRPK 2020-1A XR,N/A,N/A,N/A,N/A,N/A
STRAS 2021-1A A,N/A,N/A,N/A,N/A,N/A
CVS 5 02/20/26,N/A,N/A,N/A,N/A,N/A
NTRCN 5.9 11/07/24,N/A,N/A,N/A,N/A,N/A
KKR 13 A1R,N/A,N/A,N/A,N/A,N/A
DUK 2.65 09/01/26,N/A,N/A,N/A,N/A,N/A
ETR 2.95 09/01/26,N/A,N/A,N/A,N/A,N/A
RABOBK 0.375 01/12/24,N/A,N/A,N/A,N/A,N/A
PSTAT 2021-1A A1,N/A,N/A,N/A,N/A,N/A
MAGNE 2017-19A X,N/A,N/A,N/A,N/A,N/A
VZ 3.376 02/15/25,N/A,N/A,N/A,N/A,N/A
MDLZ,"Mondelez International, Inc.","Mondelez International, Inc., through its subsidiaries, manufactures, markets, and sells snack food and beverage products in the Latin America, North America, Asia, the Middle East, Africa, and Europe. It provides biscuits and baked snacks, including cookies, crackers, salted snacks, snack bars, and cakes and pastries; chocolates; and gums and candies, as well as various cheese and grocery, and powdered beverage products. The company's brand portfolio includes Oreo, Ritz, LU, CLIF Bar, and Tate's Bake Shop biscuits and baked snacks, as well as Cadbury Dairy Milk, Milka, and Toblerone chocolate. It serves supermarket chains, wholesalers, supercenters, club stores, mass merchandisers, distributors, convenience stores, gasoline stations, drug stores, value stores, and other retail food outlets through direct store delivery, company-owned and satellite warehouses, third party distributors, and other facilities, as well as through independent sales offices and agents. The company was formerly known as Kraft Foods Inc. and changed its name to Mondelez International, Inc. in October 2012. Mondelez International, Inc. was incorporated in 2000 and is headquartered in Chicago, Illinois.",Consumer Defensive,Confectioners,0.00%
[object Object],N/A,N/A,N/A,N/A,N/A
AMGN 2.6 08/19/26,N/A,N/A,N/A,N/A,N/A
ZBH 1.45 11/22/24,N/A,N/A,N/A,N/A,N/A
COP 2.4 03/07/25,N/A,N/A,N/A,N/A,N/A
AZO 3.625 04/15/25,N/A,N/A,N/A,N/A,N/A
[object Object],N/A,N/A,N/A,N/A,N/A
DG 3.875 04/15/27,N/A,N/A,N/A,N/A,N/A
WFC V4.54 08/15/26 MTN,N/A,N/A,N/A,N/A,N/A
COXENT 3.35 09/15/26 144A,N/A,N/A,N/A,N/A,N/A
AEP 2.75 10/01/26 K,N/A,N/A,N/A,N/A,N/A
PSX 3.85 04/09/25,N/A,N/A,N/A,N/A,N/A
ANCHC 2016-9A XR,N/A,N/A,N/A,N/A,N/A
[object Object],N/A,N/A,N/A,N/A,N/A
ED 0.65 12/01/23 A,N/A,N/A,N/A,N/A,N/A
TACHEM 4.4 11/26/23,N/A,N/A,N/A,N/A,N/A
NTT 0.583 03/01/24 144A,N/A,N/A,N/A,N/A,N/A
BSP 2015-VIBR X,N/A,N/A,N/A,N/A,N/A
PNW 1.3 06/15/25,N/A,N/A,N/A,N/A,N/A
ES 3.8 12/01/23 N,N/A,N/A,N/A,N/A,N/A
NXPI 3.875 06/18/26,N/A,N/A,N/A,N/A,N/A
BRITEL 4.5 12/04/23,N/A,N/A,N/A,N/A,N/A
OAKC 2020-7A XR,N/A,N/A,N/A,N/A,N/A
SYMP 2018-20A X,N/A,N/A,N/A,N/A,N/A
[object Object],N/A,N/A,N/A,N/A,N/A
[object Object],N/A,N/A,N/A,N/A,N/A
[object Object],N/A,N/A,N/A,N/A,N/A
[object Object],N/A,N/A,N/A,N/A,N/A
[object Object],N/A,N/A,N/A,N/A,N/A
CSMC 2019-ICE4 A,N/A,N/A,N/A,N/A,N/A
TRTN 0.8 08/01/23 144A,N/A,N/A,N/A,N/A,N/A
EQH F 04/06/23 144A,N/A,N/A,N/A,N/A,N/A
[object Object],N/A,N/A,N/A,N/A,N/A
KKR 16 X,N/A,N/A,N/A,N/A,N/A
[object Object],N/A,N/A,N/A,N/A,N/A
[object Object],N/A,N/A,N/A,N/A,N/A
[object Object],N/A,N/A,N/A,N/A,N/A
CITNAT F 08/28/23 YCD,N/A,N/A,N/A,N/A,N/A
PENSKE 4.125 08/01/23 144A,N/A,N/A,N/A,N/A,N/A
MUFG 2.527 09/13/23,N/A,N/A,N/A,N/A,N/A
EPD 3.35 03/15/23,N/A,N/A,N/A,N/A,N/A
[object Object],N/A,N/A,N/A,N/A,N/A
[object Object],N/A,N/A,N/A,N/A,N/A
[object Object],N/A,N/A,N/A,N/A,N/A
[object Object],N/A,N/A,N/A,N/A,N/A
[object Object],N/A,N/A,N/A,N/A,N/A
[object Object],N/A,N/A,N/A,N/A,N/A
[object Object],N/A,N/A,N/A,N/A,N/A
MET 0.9 06/08/23 144A,N/A,N/A,N/A,N/A,N/A
MUFG,"Mitsubishi UFJ Financial Group, Inc.","Mitsubishi UFJ Financial Group, Inc. operates as the bank holding company for MUFG Bank, Ltd. that provides various financial services in Japan, the United States, Europe, Asia/Oceania, and internationally. It operates through Digital Service Business Group; Retail & Commercial Banking Business Group; Japanese Corporate & Investment Banking Business Group; Asset Management & Investor Services Business Group; Global Corporate & Investment Banking Business Group; Global Commercial Banking Business Group; and Global Markets Business Group segments. The company offers commercial banking, trust banking, and securities products and services to retail, and small and medium-sized enterprise customers. It also provides M&As and real estate-related services; digital-based financial services; credit cards; and trust banking and securities products and services, as well as engages in the lending, fund settlement, and foreign exchange businesses. In addition, it offers corporate, investment, and transaction banking services for large corporate and financial institutions; asset management and administration services for corporations and pension funds; loans, deposits, fund transfers, and investments services for retail, small and medium-sized enterprise, as well as corporate customers; fixed income instruments, currencies, equities, and other investment products; originates and distributes of financial products; and provides treasury services. The company was founded in 1880 and is headquartered in Tokyo, Japan.",Financial Services,Banks—Diversified,nan
[object Object],N/A,N/A,N/A,N/A,N/A
BMO,Bank of Montreal,"Bank of Montreal provides diversified financial services primarily in North America. The company's personal banking products and services include checking and savings accounts, credit cards, mortgages, and financial and investment advice services; and commercial banking products and services comprise business deposit accounts, commercial credit cards, business loans and commercial mortgages, cash management solutions, foreign exchange, specialized banking programs, treasury and payment solutions, and risk management products for small business and commercial banking customers. It also offers investment and wealth advisory services; digital investing services; financial services and solutions; and investment management, and trust and custody services. In addition, the company provides life insurance, accident and sickness insurance, and annuity products; creditor and travel insurance to bank customers; and reinsurance solutions. Further, it offers client's debt and equity capital-raising services, as well as loan origination and syndication, and treasury management; strategic advice on mergers and acquisitions, restructurings, and recapitalizations, as well as valuation and fairness opinions; and trade finance, risk mitigation, and other operating services. Additionally, the company provides research and access to markets for institutional, corporate, and retail clients; trading solutions that include debt, foreign exchange, interest rate, credit, equity, securitization and commodities; new product development and origination services, as well as risk management advice and services to hedge against fluctuations; and funding and liquidity management services to its clients. Bank of Montreal was founded in 1817 and is headquartered in Montreal, Canada.",Financial Services,Banks—Diversified,nan
MASSMU 0.85 06/09/23 144A,N/A,N/A,N/A,N/A,N/A
FHLB 5.2 09/07/23,N/A,N/A,N/A,N/A,N/A
[object Object],N/A,N/A,N/A,N/A,N/A
[object Object],N/A,N/A,N/A,N/A,N/A
[object Object],N/A,N/A,N/A,N/A,N/A
[object Object],N/A,N/A,N/A,N/A,N/A
TFC V4.26 07/28/26 MTN,N/A,N/A,N/A,N/A,N/A
CNP F 03/02/23,N/A,N/A,N/A,N/A,N/A
NRUC F 08/07/23 MTN,N/A,N/A,N/A,N/A,N/A
BNSF 3 03/15/23,N/A,N/A,N/A,N/A,N/A
PL 1.082 06/09/23 144A,N/A,N/A,N/A,N/A,N/A
[object Object],N/A,N/A,N/A,N/A,N/A
[object Object],N/A,N/A,N/A,N/A,N/A
[object Object],N/A,N/A,N/A,N/A,N/A
[object Object],N/A,N/A,N/A,N/A,N/A
AER 1.15 10/29/23,N/A,N/A,N/A,N/A,N/A
TOYOTA 4.8 01/10/25,N/A,N/A,N/A,N/A,N/A
ATH 1.2 10/13/23 144A,N/A,N/A,N/A,N/A,N/A
[object Object],N/A,N/A,N/A,N/A,N/A
BATSLN 4.85 09/15/23,N/A,N/A,N/A,N/A,N/A
XOM 1.571 04/15/23,N/A,N/A,N/A,N/A,N/A
[object Object],N/A,N/A,N/A,N/A,N/A
[object Object],N/A,N/A,N/A,N/A,N/A
[object Object],N/A,N/A,N/A,N/A,N/A
[object Object],N/A,N/A,N/A,N/A,N/A
SREIT 2021-MFP A,N/A,N/A,N/A,N/A,N/A
GS 0.523 03/08/23,N/A,N/A,N/A,N/A,N/A
HYNMTR 1.25 09/18/23 144A,N/A,N/A,N/A,N/A,N/A
PFG,"Principal Financial Group, Inc.","Principal Financial Group, Inc. provides retirement, asset management, and insurance products and services to businesses, individuals, and institutional clients worldwide. The company operates through Retirement and Income Solutions, Principal Global Investors, Principal International, and U.S. Insurance Solutions segments. The Retirement and Income Solutions segment provides retirement, and related financial products and services. It offers products and services for defined contribution plans, including 401(k) and 403(b) plans, defined benefit plans, nonqualified executive benefit plans, employee stock ownership plans, equity compensation, and pension risk transfer services; individual retirement accounts; investment only products; and mutual funds, individual variable annuities, and bank products, as well as trust and custody services. The Principal Global Investors segment provides equity, fixed income, real estate, and other alternative investments, as well as asset allocation, stable value management, and other structured investment strategies. The Principal International segment offers pension accumulation products and services, mutual funds, asset management, income annuities, and life insurance accumulation products, as well as voluntary savings plans in Brazil, Chile, Mexico, China, Hong Kong Special Administrative Region, and Southeast Asia. The U.S. Insurance Solutions segment provides specialty benefits, such as group dental and vision insurance, group life insurance, and group and individual disability insurance, as well as administers group dental, disability, and vision benefits; and individual life insurance products comprising universal, variable universal, indexed universal, and term life insurance products in the United States. It also offers insurance solutions for small and medium-sized businesses and their owners, as well as executives. Principal Financial Group, Inc. was founded in 1879 and is based in Des Moines, Iowa.",Financial Services,Asset Management,nan
[object Object],N/A,N/A,N/A,N/A,N/A
SUMIBK 3.936 10/16/23,N/A,N/A,N/A,N/A,N/A
[object Object],N/A,N/A,N/A,N/A,N/A
[object Object],N/A,N/A,N/A,N/A,N/A
[object Object],N/A,N/A,N/A,N/A,N/A
T 3.625 05/15/26,N/A,N/A,N/A,N/A,N/A
MS V0.731 04/05/24,N/A,N/A,N/A,N/A,N/A
CCE 0.5 05/05/23 144A,N/A,N/A,N/A,N/A,N/A
[object Object],N/A,N/A,N/A,N/A,N/A
CM F 03/17/23 *,N/A,N/A,N/A,N/A,N/A
[object Object],N/A,N/A,N/A,N/A,N/A
TOYOTA F 07/25/23 MTN,N/A,N/A,N/A,N/A,N/A
[object Object],N/A,N/A,N/A,N/A,N/A
[object Object],N/A,N/A,N/A,N/A,N/A
[object Object],N/A,N/A,N/A,N/A,N/A
[object Object],N/A,N/A,N/A,N/A,N/A
BNS F 08/07/23 YCD,N/A,N/A,N/A,N/A,N/A
[object Object],N/A,N/A,N/A,N/A,N/A
BX 2020-VKNG A,N/A,N/A,N/A,N/A,N/A
NOC 3.25 08/01/23,N/A,N/A,N/A,N/A,N/A
INTNED 4.1 10/02/23,N/A,N/A,N/A,N/A,N/A
NTT 0.373 03/03/23 144A,N/A,N/A,N/A,N/A,N/A
[object Object],N/A,N/A,N/A,N/A,N/A
LLOYDS F 03/22/23 YCD,N/A,N/A,N/A,N/A,N/A
[object Object],N/A,N/A,N/A,N/A,N/A
[object Object],N/A,N/A,N/A,N/A,N/A
[object Object],N/A,N/A,N/A,N/A,N/A
LLOYDS 4.05 08/16/23,N/A,N/A,N/A,N/A,N/A
LH 4 11/01/23,N/A,N/A,N/A,N/A,N/A
WEC 0.55 09/15/23,N/A,N/A,N/A,N/A,N/A
[object Object],N/A,N/A,N/A,N/A,N/A
GD 1.875 08/15/23,N/A,N/A,N/A,N/A,N/A
[object Object],N/A,N/A,N/A,N/A,N/A
[object Object],N/A,N/A,N/A,N/A,N/A
[object Object],N/A,N/A,N/A,N/A,N/A
[object Object],N/A,N/A,N/A,N/A,N/A
[object Object],N/A,N/A,N/A,N/A,N/A
MIZUHO V3.922 09/11/24,N/A,N/A,N/A,N/A,N/A
CMS 3.375 08/15/23,N/A,N/A,N/A,N/A,N/A
BPCEGP 4 09/12/23 144A,N/A,N/A,N/A,N/A,N/A
BABSN 2013-IA AR,N/A,N/A,N/A,N/A,N/A
GD,General Dynamics Corporation,"General Dynamics Corporation operates as an aerospace and defense company worldwide. It operates through four segments: Aerospace, Marine Systems, Combat Systems, and Technologies. The Aerospace segment produces and sells business jets; and offers aircraft maintenance and repair, management, aircraft-on-ground support and completion, charter, staffing, and fixed-base operator services. The Marine Systems segment designs and builds nuclear-powered submarines, surface combatants, and auxiliary ships for the United States Navy and Jones Act ships for commercial customers, as well as builds crude oil and product tankers, and container and cargo ships; provides maintenance, modernization, and lifecycle support services for navy ships; offers and program management, planning, engineering, and design support services for submarine construction programs. The Combat Systems segment manufactures land combat solutions, such as wheeled and tracked combat vehicles, Stryker wheeled combat vehicles, piranha vehicles, weapons systems, munitions, mobile bridge systems with payloads, tactical vehicles, main battle tanks, armored vehicles, and armaments; and offers modernization programs, engineering, support, and sustainment services. The Technologies segment provides information technology solutions and mission support services; mobile communication, computers, and command-and-control mission systems; intelligence, surveillance, and reconnaissance solutions to military, intelligence, and federal civilian customers; cloud computing, artificial intelligence; machine learning; big data analytics; development, security, and operations; and unmanned undersea vehicle manufacturing and assembly services. The company was founded in 1899 and is headquartered in Reston, Virginia.",Industrials,Aerospace & Defense,nan
[object Object],N/A,N/A,N/A,N/A,N/A
[object Object],N/A,N/A,N/A,N/A,N/A
[object Object],N/A,N/A,N/A,N/A,N/A
BNP 3.5 03/01/23 144A,N/A,N/A,N/A,N/A,N/A
CNALN,N/A,N/A,N/A,N/A,N/A
UNP 2.75 04/15/23,N/A,N/A,N/A,N/A,N/A
SHPLN 2.875 09/23/23,N/A,N/A,N/A,N/A,N/A
[object Object],N/A,N/A,N/A,N/A,N/A
[object Object],N/A,N/A,N/A,N/A,N/A
RCICN 4.1 10/01/23,N/A,N/A,N/A,N/A,N/A
[object Object],N/A,N/A,N/A,N/A,N/A
[object Object],N/A,N/A,N/A,N/A,N/A
[object Object],N/A,N/A,N/A,N/A,N/A
[object Object],N/A,N/A,N/A,N/A,N/A
[object Object],N/A,N/A,N/A,N/A,N/A
BK 3.5 04/28/23 MTN,N/A,N/A,N/A,N/A,N/A
HUM 0.65 08/03/23,N/A,N/A,N/A,N/A,N/A
D F 09/15/23 D,N/A,N/A,N/A,N/A,N/A
SEB,Seaboard Corporation,"Seaboard Corporation operates as an agricultural and transportation company worldwide. It operates through six segments: Pork, Commodity Trading and Milling (CT&M), Marine, Sugar and Alcohol, Power, and Turkey. The Pork segment produces and sells pork products to further processors, foodservice operators, grocery stores, and distributors; hogs; and biodiesel. The CT&M segment sources, transports, and markets wheat, corn, soybeans, soybean meal, and other commodities; and produces wheat flour, maize meal, manufactured feed, and oilseed crush commodities. The Marine segment provides cargo shipping services in the United States, as well as in 26 countries in the Caribbean, and Central and South America; dry, refrigerated, and specialized containers, as well as other related equipment; and operates a terminal and an off-port warehouse for cargo consolidation and temporary storage. As of December 31, 2022, this segment operated through a fleet of 17 chartered and 6 owned vessels. The Sugar and Alcohol segment produces and sells sugar and alcohol; and generates and sells energy through its 51-megawatt cogeneration power plant that is fueled by sugarcane by-products, natural gas, and other biomass. The Power segment operates as an independent power producer that generates electricity for the power grid in the Dominican Republic. The Turkey segment produces and processes conventional and antibiotic-free turkey products to retail stores, foodservice outlets, and industrial entities, as well as exports products to Mexico and internationally. The company also processes and sells jalapeño peppers. Seaboard Corporation was founded in 1918 and is headquartered in Merriam, Kansas.",Industrials,Conglomerates,nan
SOCGEN 4.25 09/14/23 144A,N/A,N/A,N/A,N/A,N/A
[object Object],N/A,N/A,N/A,N/A,N/A
[object Object],N/A,N/A,N/A,N/A,N/A
[object Object],N/A,N/A,N/A,N/A,N/A
[object Object],N/A,N/A,N/A,N/A,N/A
[object Object],N/A,N/A,N/A,N/A,N/A
[object Object],N/A,N/A,N/A,N/A,N/A
BX 2021-SOAR A,N/A,N/A,N/A,N/A,N/A
GUARDN 3.4 04/25/23 144A,N/A,N/A,N/A,N/A,N/A
[object Object],N/A,N/A,N/A,N/A,N/A
TOMARI 3.85 09/19/23 144A,N/A,N/A,N/A,N/A,N/A
FFCB 4.875 09/25/23,N/A,N/A,N/A,N/A,N/A
[object Object],N/A,N/A,N/A,N/A,N/A
AET 2.8 06/15/23,N/A,N/A,N/A,N/A,N/A
PRU 5.55 08/28/26 144A,N/A,N/A,N/A,N/A,N/A
NAB 2.875 04/12/23,N/A,N/A,N/A,N/A,N/A
MIZUHO,N/A,N/A,N/A,N/A,N/A
BA 4.508 05/01/23,N/A,N/A,N/A,N/A,N/A
AEP 0.75 11/01/23 M,N/A,N/A,N/A,N/A,N/A
PSTAT 2022-5A A1,N/A,N/A,N/A,N/A,N/A
[object Object],N/A,N/A,N/A,N/A,N/A
[object Object],N/A,N/A,N/A,N/A,N/A
[object Object],N/A,N/A,N/A,N/A,N/A
[object Object],N/A,N/A,N/A,N/A,N/A
[object Object],N/A,N/A,N/A,N/A,N/A
GLENLN 4.125 05/30/23 144A,N/A,N/A,N/A,N/A,N/A
UBS V4.488 05/12/26 144A,N/A,N/A,N/A,N/A,N/A
SDART 2022-6 A2,N/A,N/A,N/A,N/A,N/A
[object Object],N/A,N/A,N/A,N/A,N/A
CGCMT 2014-GC25 B,N/A,N/A,N/A,N/A,N/A
NYLIFE 1.1 05/05/23 144A,N/A,N/A,N/A,N/A,N/A
[object Object],N/A,N/A,N/A,N/A,N/A
[object Object],N/A,N/A,N/A,N/A,N/A
[object Object],N/A,N/A,N/A,N/A,N/A
[object Object],N/A,N/A,N/A,N/A,N/A
LMREC 2021-CRE4 A,N/A,N/A,N/A,N/A,N/A
[object Object],N/A,N/A,N/A,N/A,N/A
NEE F 03/01/23,N/A,N/A,N/A,N/A,N/A
[object Object],N/A,N/A,N/A,N/A,N/A
ASBBNK F 06/14/23 144A,N/A,N/A,N/A,N/A,N/A
ASBBNK 3.75 06/14/23 144A,N/A,N/A,N/A,N/A,N/A
[object Object],N/A,N/A,N/A,N/A,N/A
[object Object],N/A,N/A,N/A,N/A,N/A
[object Object],N/A,N/A,N/A,N/A,N/A
[object Object],N/A,N/A,N/A,N/A,N/A
DT 2.485 09/19/23 144A,N/A,N/A,N/A,N/A,N/A
CS 0.52 08/09/23 FXD,N/A,N/A,N/A,N/A,N/A
LLOYDS V0.695 05/11/24,N/A,N/A,N/A,N/A,N/A
BNS 1.625 05/01/23,N/A,N/A,N/A,N/A,N/A
CAT 3.45 05/15/23 MTN,N/A,N/A,N/A,N/A,N/A
TFC 2.2 03/16/23 MTN,N/A,N/A,N/A,N/A,N/A
[object Object],N/A,N/A,N/A,N/A,N/A
BNS F 03/24/23 YCD,N/A,N/A,N/A,N/A,N/A
[object Object],N/A,N/A,N/A,N/A,N/A
[object Object],N/A,N/A,N/A,N/A,N/A
[object Object],N/A,N/A,N/A,N/A,N/A
TRPCN 3.75 10/16/23,N/A,N/A,N/A,N/A,N/A
RBS 2.375 05/21/23 144A,N/A,N/A,N/A,N/A,N/A
HYUCAP,N/A,N/A,N/A,N/A,N/A
UBS 0.375 06/01/23 144A,N/A,N/A,N/A,N/A,N/A
[object Object],N/A,N/A,N/A,N/A,N/A
[object Object],N/A,N/A,N/A,N/A,N/A
[object Object],N/A,N/A,N/A,N/A,N/A
[object Object],N/A,N/A,N/A,N/A,N/A
[object Object],N/A,N/A,N/A,N/A,N/A
[object Object],N/A,N/A,N/A,N/A,N/A
[object Object],N/A,N/A,N/A,N/A,N/A
NVDA 0.309 06/15/23,N/A,N/A,N/A,N/A,N/A
PM 2.625 03/06/23,N/A,N/A,N/A,N/A,N/A
[object Object],N/A,N/A,N/A,N/A,N/A
[object Object],N/A,N/A,N/A,N/A,N/A
[object Object],N/A,N/A,N/A,N/A,N/A
[object Object],N/A,N/A,N/A,N/A,N/A
[object Object],N/A,N/A,N/A,N/A,N/A
[object Object],N/A,N/A,N/A,N/A,N/A
[object Object],N/A,N/A,N/A,N/A,N/A
SUMIBK 3.748 07/19/23,N/A,N/A,N/A,N/A,N/A
MQGAU F 04/06/23 144A,N/A,N/A,N/A,N/A,N/A
EQH 0.5 04/06/23 144A,N/A,N/A,N/A,N/A,N/A
BMW 3.8 04/06/23 144A,N/A,N/A,N/A,N/A,N/A
MLM 0.65 07/15/23,N/A,N/A,N/A,N/A,N/A
[object Object],N/A,N/A,N/A,N/A,N/A
[object Object],N/A,N/A,N/A,N/A,N/A
[object Object],N/A,N/A,N/A,N/A,N/A
[object Object],N/A,N/A,N/A,N/A,N/A
INTNED,N/A,N/A,N/A,N/A,N/A
[object Object],N/A,N/A,N/A,N/A,N/A
[object Object],N/A,N/A,N/A,N/A,N/A
[object Object],N/A,N/A,N/A,N/A,N/A
ABC 0.737 03/15/23,N/A,N/A,N/A,N/A,N/A
SPG 2.75 06/01/23,N/A,N/A,N/A,N/A,N/A
[object Object],N/A,N/A,N/A,N/A,N/A
[object Object],N/A,N/A,N/A,N/A,N/A
[object Object],N/A,N/A,N/A,N/A,N/A
[object Object],N/A,N/A,N/A,N/A,N/A
[object Object],N/A,N/A,N/A,N/A,N/A
[object Object],N/A,N/A,N/A,N/A,N/A
CI F 07/15/23,N/A,N/A,N/A,N/A,N/A
[object Object],N/A,N/A,N/A,N/A,N/A
[object Object],N/A,N/A,N/A,N/A,N/A
HSBC V0.732 08/17/24,N/A,N/A,N/A,N/A,N/A
BNS F 08/01/23 YCD,N/A,N/A,N/A,N/A,N/A
[object Object],N/A,N/A,N/A,N/A,N/A
[object Object],N/A,N/A,N/A,N/A,N/A
[object Object],N/A,N/A,N/A,N/A,N/A
[object Object],N/A,N/A,N/A,N/A,N/A
TFC V5.9 10/28/26 MTN,N/A,N/A,N/A,N/A,N/A
NEE 0.65 03/01/23,N/A,N/A,N/A,N/A,N/A
BAC V1.486 05/19/24 MTN,N/A,N/A,N/A,N/A,N/A
DE F 07/10/23 MTN,N/A,N/A,N/A,N/A,N/A
C 3.375 03/01/23,N/A,N/A,N/A,N/A,N/A
BRKTR,N/A,N/A,N/A,N/A,N/A
[object Object],N/A,N/A,N/A,N/A,N/A
WFRBS 2013-UBS1 AS,N/A,N/A,N/A,N/A,N/A
[object Object],N/A,N/A,N/A,N/A,N/A
[object Object],N/A,N/A,N/A,N/A,N/A
LHX 5.4 01/15/27,N/A,N/A,N/A,N/A,N/A
PCAR,PACCAR Inc,"PACCAR Inc designs, manufactures, and distributes light, medium, and heavy-duty commercial trucks in the United States, Europe, Mexico, South America, Australia, and internationally. It operates through three segments: Truck, Parts, and Financial Services. The Truck segment designs, manufactures, and distributes trucks for the over-the-road and off-highway hauling of commercial and consumer goods. It sells its trucks through a network of independent dealers under the Kenworth, Peterbilt, and DAF nameplates. The Parts segment distributes aftermarket parts for trucks and related commercial vehicles. The Financial Services segment conducts full-service leasing operations under the PacLease trade name, as well as provides finance and leasing products and services to customers and dealers. This segment also offers equipment financing and administrative support services for its franchisees; retail loan and leasing services for small, medium, and large commercial trucking companies, as well as independent owners/operators and other businesses; and truck inventory financing services to independent dealers. In addition, this segment offers loans and leases directly to customers for the acquisition of trucks and related equipment. The company also manufactures and markets industrial winches under the Braden, Carco, and Gearmatic nameplates. PACCAR Inc was founded in 1905 and is headquartered in Bellevue, Washington.",Industrials,Farm & Heavy Construction Machinery,nan
ANZNZ,N/A,N/A,N/A,N/A,N/A
[object Object],N/A,N/A,N/A,N/A,N/A
HNDA 0.35 04/20/23 MTN,N/A,N/A,N/A,N/A,N/A
[object Object],N/A,N/A,N/A,N/A,N/A
[object Object],N/A,N/A,N/A,N/A,N/A
[object Object],N/A,N/A,N/A,N/A,N/A
[object Object],N/A,N/A,N/A,N/A,N/A
[object Object],N/A,N/A,N/A,N/A,N/A
[object Object],N/A,N/A,N/A,N/A,N/A
[object Object],N/A,N/A,N/A,N/A,N/A
[object Object],N/A,N/A,N/A,N/A,N/A
HEIANA 2.75 04/01/23 144A,N/A,N/A,N/A,N/A,N/A
SANTAN 3.848 04/12/23,N/A,N/A,N/A,N/A,N/A
[object Object],N/A,N/A,N/A,N/A,N/A
[object Object],N/A,N/A,N/A,N/A,N/A
[object Object],N/A,N/A,N/A,N/A,N/A
[object Object],N/A,N/A,N/A,N/A,N/A
[object Object],N/A,N/A,N/A,N/A,N/A
ENIIM 4 09/12/23 X-R,N/A,N/A,N/A,N/A,N/A
DBGS 2018-BIOD A,N/A,N/A,N/A,N/A,N/A
NDASS 1 06/09/23 144A,N/A,N/A,N/A,N/A,N/A
KEY V0.423 01/03/24 BKNt,N/A,N/A,N/A,N/A,N/A
MSC 2018-H3 A2,N/A,N/A,N/A,N/A,N/A
[object Object],N/A,N/A,N/A,N/A,N/A
[object Object],N/A,N/A,N/A,N/A,N/A
[object Object],N/A,N/A,N/A,N/A,N/A
[object Object],N/A,N/A,N/A,N/A,N/A
MTB 4.65 01/27/26,N/A,N/A,N/A,N/A,N/A
BFCM 3.75 07/20/23 144A,N/A,N/A,N/A,N/A,N/A
NRUC 4.45 03/13/26,N/A,N/A,N/A,N/A,N/A
TD F 06/02/23 MTN,N/A,N/A,N/A,N/A,N/A
[object Object],N/A,N/A,N/A,N/A,N/A
[object Object],N/A,N/A,N/A,N/A,N/A
[object Object],N/A,N/A,N/A,N/A,N/A
MUFG F 03/03/23 YCD,N/A,N/A,N/A,N/A,N/A
[object Object],N/A,N/A,N/A,N/A,N/A
ORCL 2.4 09/15/23,N/A,N/A,N/A,N/A,N/A
RY F 10/26/23 MTN,N/A,N/A,N/A,N/A,N/A
MUFG 3.761 07/26/23,N/A,N/A,N/A,N/A,N/A
BMW 2.25 09/15/23 144A,N/A,N/A,N/A,N/A,N/A
CNP 0.7 03/02/23,N/A,N/A,N/A,N/A,N/A
TD 0.75 06/12/23 MTN,N/A,N/A,N/A,N/A,N/A
C V1.678 05/15/24,N/A,N/A,N/A,N/A,N/A
[object Object],N/A,N/A,N/A,N/A,N/A
[object Object],N/A,N/A,N/A,N/A,N/A
[object Object],N/A,N/A,N/A,N/A,N/A
GLM 2020-7A XR,N/A,N/A,N/A,N/A,N/A
BBVASM 0.875 09/18/23,N/A,N/A,N/A,N/A,N/A
MIZUHO F 03/05/23,N/A,N/A,N/A,N/A,N/A
MUFG F 07/26/23,N/A,N/A,N/A,N/A,N/A
C V4.044 06/01/24 *,N/A,N/A,N/A,N/A,N/A
D 2.75 03/15/23 C,N/A,N/A,N/A,N/A,N/A
FITB 1.625 05/05/23,N/A,N/A,N/A,N/A,N/A
[object Object],N/A,N/A,N/A,N/A,N/A
[object Object],N/A,N/A,N/A,N/A,N/A
[object Object],N/A,N/A,N/A,N/A,N/A
[object Object],N/A,N/A,N/A,N/A,N/A
[object Object],N/A,N/A,N/A,N/A,N/A
WFRBS 2014-C22 AS,N/A,N/A,N/A,N/A,N/A
MTB F 07/26/23,N/A,N/A,N/A,N/A,N/A
DUK 3.95 10/15/23,N/A,N/A,N/A,N/A,N/A
NWG 3.875 09/12/23,N/A,N/A,N/A,N/A,N/A
MIZUHO 3.549 03/05/23,N/A,N/A,N/A,N/A,N/A
[object Object],N/A,N/A,N/A,N/A,N/A
TLSAU,N/A,N/A,N/A,N/A,N/A
[object Object],N/A,N/A,N/A,N/A,N/A
[object Object],N/A,N/A,N/A,N/A,N/A
AIRFP,N/A,N/A,N/A,N/A,N/A
GS V0.673 03/08/24,N/A,N/A,N/A,N/A,N/A
BXMT 2020-FL3 A,N/A,N/A,N/A,N/A,N/A
SUMITR 0.8 09/12/23 144A,N/A,N/A,N/A,N/A,N/A
[object Object],N/A,N/A,N/A,N/A,N/A
TD 0.45 09/11/23 MTN,N/A,N/A,N/A,N/A,N/A
[object Object],N/A,N/A,N/A,N/A,N/A
[object Object],N/A,N/A,N/A,N/A,N/A
[object Object],N/A,N/A,N/A,N/A,N/A
[object Object],N/A,N/A,N/A,N/A,N/A
[object Object],N/A,N/A,N/A,N/A,N/A
[object Object],N/A,N/A,N/A,N/A,N/A
SBUX 2 03/12/27,N/A,N/A,N/A,N/A,N/A
[object Object],N/A,N/A,N/A,N/A,N/A
MIZUHO V0.849 09/08/24,N/A,N/A,N/A,N/A,N/A
SYDAU 3.9 03/22/23 144A,N/A,N/A,N/A,N/A,N/A
[object Object],N/A,N/A,N/A,N/A,N/A
[object Object],N/A,N/A,N/A,N/A,N/A
[object Object],N/A,N/A,N/A,N/A,N/A
MAGNE 2015-16A AR,N/A,N/A,N/A,N/A,N/A
[object Object],N/A,N/A,N/A,N/A,N/A
DEFT 2021-2 A2,N/A,N/A,N/A,N/A,N/A
CNHI 4.5 08/15/23,N/A,N/A,N/A,N/A,N/A
BNFP 2.589 11/02/23 144A,N/A,N/A,N/A,N/A,N/A
KR 3.85 08/01/23,N/A,N/A,N/A,N/A,N/A
TDY 0.65 04/01/23,N/A,N/A,N/A,N/A,N/A
[object Object],N/A,N/A,N/A,N/A,N/A
[object Object],N/A,N/A,N/A,N/A,N/A
[object Object],N/A,N/A,N/A,N/A,N/A
[object Object],N/A,N/A,N/A,N/A,N/A
VFC 2.8 04/23/27,N/A,N/A,N/A,N/A,N/A
AXP 0.75 11/03/23,N/A,N/A,N/A,N/A,N/A
BAC 4.1 07/24/23,N/A,N/A,N/A,N/A,N/A
ES F 08/15/23 T,N/A,N/A,N/A,N/A,N/A
MS V0.56 11/10/23 MTN,N/A,N/A,N/A,N/A,N/A
MFT 2022-1A A,N/A,N/A,N/A,N/A,N/A
GMCAR 2022-1 A2,N/A,N/A,N/A,N/A,N/A
BRKTR,N/A,N/A,N/A,N/A,N/A
LONGF 2013-1A AR3,N/A,N/A,N/A,N/A,N/A
[object Object],N/A,N/A,N/A,N/A,N/A
OCP 2020-19A XR,N/A,N/A,N/A,N/A,N/A
[object Object],N/A,N/A,N/A,N/A,N/A
VFC 2.4 04/23/25,N/A,N/A,N/A,N/A,N/A
AIFP 2.25 09/27/23 144A,N/A,N/A,N/A,N/A,N/A
[object Object],N/A,N/A,N/A,N/A,N/A
UNP 3.5 06/08/23,N/A,N/A,N/A,N/A,N/A
[object Object],N/A,N/A,N/A,N/A,N/A
[object Object],N/A,N/A,N/A,N/A,N/A
[object Object],N/A,N/A,N/A,N/A,N/A
[object Object],N/A,N/A,N/A,N/A,N/A
[object Object],N/A,N/A,N/A,N/A,N/A
[object Object],N/A,N/A,N/A,N/A,N/A
WLAKE 2021-3A A2,N/A,N/A,N/A,N/A,N/A
USB V5.727 10/21/26,N/A,N/A,N/A,N/A,N/A
ENTERP 2.7 11/01/23 144A,N/A,N/A,N/A,N/A,N/A
UBS V1.008 07/30/24 144A,N/A,N/A,N/A,N/A,N/A
CRVNA 2021-P4 A2,N/A,N/A,N/A,N/A,N/A
[object Object],N/A,N/A,N/A,N/A,N/A
[object Object],N/A,N/A,N/A,N/A,N/A
NWG V2.359 05/22/24,N/A,N/A,N/A,N/A,N/A
MIZUHO V1.241 07/10/24,N/A,N/A,N/A,N/A,N/A
[object Object],N/A,N/A,N/A,N/A,N/A
[object Object],N/A,N/A,N/A,N/A,N/A
KEY 1.25 03/10/23 BKNT,N/A,N/A,N/A,N/A,N/A
HYNMTR 5.75 04/06/23 144A,N/A,N/A,N/A,N/A,N/A
[object Object],N/A,N/A,N/A,N/A,N/A
[object Object],N/A,N/A,N/A,N/A,N/A
[object Object],N/A,N/A,N/A,N/A,N/A
[object Object],N/A,N/A,N/A,N/A,N/A
[object Object],N/A,N/A,N/A,N/A,N/A
CS 1 05/05/23,N/A,N/A,N/A,N/A,N/A
TMO F 04/18/23,N/A,N/A,N/A,N/A,N/A
CGCMT 2013-GC11 AS,N/A,N/A,N/A,N/A,N/A
BNS 0.55 09/15/23,N/A,N/A,N/A,N/A,N/A
BMO F 03/10/23 MTN,N/A,N/A,N/A,N/A,N/A
SUMIBK,N/A,N/A,N/A,N/A,N/A
[object Object],N/A,N/A,N/A,N/A,N/A
[object Object],N/A,N/A,N/A,N/A,N/A
[object Object],N/A,N/A,N/A,N/A,N/A
[object Object],N/A,N/A,N/A,N/A,N/A
[object Object],N/A,N/A,N/A,N/A,N/A
TFC F 01/17/24 BKNT,N/A,N/A,N/A,N/A,N/A
RABOBK 3.875 09/26/23 144A,N/A,N/A,N/A,N/A,N/A
TD 0.3 06/02/23 MTN,N/A,N/A,N/A,N/A,N/A
CNHI 1.95 07/02/23,N/A,N/A,N/A,N/A,N/A
[object Object],N/A,N/A,N/A,N/A,N/A
[object Object],N/A,N/A,N/A,N/A,N/A
SUMIBK F 07/31/23 YCD,N/A,N/A,N/A,N/A,N/A
[object Object],N/A,N/A,N/A,N/A,N/A
[object Object],N/A,N/A,N/A,N/A,N/A
[object Object],N/A,N/A,N/A,N/A,N/A
BX 2022-LP2 A,N/A,N/A,N/A,N/A,N/A
AXP 3.7 08/03/23,N/A,N/A,N/A,N/A,N/A
HYNMTR 4.125 06/08/23 144A,N/A,N/A,N/A,N/A,N/A
CBAAU F 03/16/23 144A,N/A,N/A,N/A,N/A,N/A
IPT 2018-INDP A,N/A,N/A,N/A,N/A,N/A
[object Object],N/A,N/A,N/A,N/A,N/A
CRVNA 2021-P3 A2,N/A,N/A,N/A,N/A,N/A
[object Object],N/A,N/A,N/A,N/A,N/A
MUFG V0.848 09/15/24,N/A,N/A,N/A,N/A,N/A
CPCHEM 3.3 05/01/23 144A,N/A,N/A,N/A,N/A,N/A
ATO 0.625 03/09/23,N/A,N/A,N/A,N/A,N/A
MO 2.95 05/02/23,N/A,N/A,N/A,N/A,N/A
NDASS 3.75 08/30/23 144A,N/A,N/A,N/A,N/A,N/A
PNC 3.5 06/08/23 BKNT,N/A,N/A,N/A,N/A,N/A
CRBG 0.8 07/07/23 144A,N/A,N/A,N/A,N/A,N/A
MDPK 2019-36A X,N/A,N/A,N/A,N/A,N/A
[object Object],N/A,N/A,N/A,N/A,N/A
[object Object],N/A,N/A,N/A,N/A,N/A
[object Object],N/A,N/A,N/A,N/A,N/A
CBAM 2017-2A XR,N/A,N/A,N/A,N/A,N/A
COF 2.6 05/11/23,N/A,N/A,N/A,N/A,N/A
KIAMTR 3 04/25/23 144A,N/A,N/A,N/A,N/A,N/A
BNS 0.8 06/15/23,N/A,N/A,N/A,N/A,N/A
T F 03/25/24,N/A,N/A,N/A,N/A,N/A
VMW 0.6 08/15/23,N/A,N/A,N/A,N/A,N/A
[object Object],N/A,N/A,N/A,N/A,N/A
[object Object],N/A,N/A,N/A,N/A,N/A
[object Object],N/A,N/A,N/A,N/A,N/A
KNDL 2019-KNSQ A,N/A,N/A,N/A,N/A,N/A
HSBC 3.6 05/25/23,N/A,N/A,N/A,N/A,N/A
BHF 0.6 06/28/23 144A,N/A,N/A,N/A,N/A,N/A
BKNG 2.75 03/15/23,N/A,N/A,N/A,N/A,N/A
SEK F 05/25/23,N/A,N/A,N/A,N/A,N/A
[object Object],N/A,N/A,N/A,N/A,N/A
SIEGR 0.4 03/11/23 144A,N/A,N/A,N/A,N/A,N/A
[object Object],N/A,N/A,N/A,N/A,N/A
[object Object],N/A,N/A,N/A,N/A,N/A
[object Object],N/A,N/A,N/A,N/A,N/A
VENTR 2018-33A A1LR,N/A,N/A,N/A,N/A,N/A
CAT 0.65 07/07/23,N/A,N/A,N/A,N/A,N/A
R 3.4 03/01/23 MTN,N/A,N/A,N/A,N/A,N/A
BNS F 09/15/23,N/A,N/A,N/A,N/A,N/A
HNDA 1.95 05/10/23 MTN,N/A,N/A,N/A,N/A,N/A
ATO F 03/09/23,N/A,N/A,N/A,N/A,N/A
ES 2.8 05/01/23,N/A,N/A,N/A,N/A,N/A
[object Object],N/A,N/A,N/A,N/A,N/A
CARMX 2021-4 A2A,N/A,N/A,N/A,N/A,N/A
[object Object],N/A,N/A,N/A,N/A,N/A
[object Object],N/A,N/A,N/A,N/A,N/A
[object Object],N/A,N/A,N/A,N/A,N/A
BX 2021-VOLT A,N/A,N/A,N/A,N/A,N/A
AZN 0.3 05/26/23,N/A,N/A,N/A,N/A,N/A
RY,Royal Bank of Canada,"Royal Bank of Canada operates as a diversified financial service company worldwide. The company's Personal & Commercial Banking segment offers checking and savings accounts, home equity financing, personal lending, private banking, indirect lending, including auto financing, mutual funds and self-directed brokerage accounts, guaranteed investment certificates, credit cards, and payment products and solutions; and lending, leasing, deposit, investment, foreign exchange, cash management, auto dealer financing, trade products, and services to small and medium-sized commercial businesses. This segment offers financial products and services through branches, automated teller machines, and mobile sales network. Its Wealth Management segment provides a suite of advice-based solutions and strategies to high net worth and ultra-high net worth individuals, and institutional clients. The company's Insurance segment offers life, health, home, auto, travel, wealth, annuities, and reinsurance advice and solutions; and business insurance services to individual, business, and group clients through its advice centers, RBC insurance stores, and mobile advisors; digital, mobile, and social platforms; independent brokers; and travel partners. Its Investor & Treasury Services segment provides asset servicing, custody, payments, and treasury services to financial and other investors; and fund and investment administration, shareholder, private capital, performance measurement and compliance monitoring, distribution, transaction banking, cash and liquidity management, foreign exchange, and global securities finance services. The company's Capital Markets segment offers corporate and investment banking, as well as equity and debt origination, distribution, advisory services, sale, and trading services for corporations, institutional investors, asset managers, private equity firms, and governments. The company was founded in 1864 and is headquartered in Toronto, Canada.",Financial Services,Banks—Diversified,nan
CSL 0.55 09/01/23,N/A,N/A,N/A,N/A,N/A
nan,N/A,N/A,N/A,N/A,N/A
[object Object],N/A,N/A,N/A,N/A,N/A
[object Object],N/A,N/A,N/A,N/A,N/A
WOORIB F 08/18/23 YCD,N/A,N/A,N/A,N/A,N/A
[object Object],N/A,N/A,N/A,N/A,N/A
BX 2022-IND A,N/A,N/A,N/A,N/A,N/A
ALL 3.15 06/15/23,N/A,N/A,N/A,N/A,N/A
EOG 2.625 03/15/23,N/A,N/A,N/A,N/A,N/A
HYNMTR 0.8 04/03/23 144A,N/A,N/A,N/A,N/A,N/A
PENSKE 2.7 03/14/23 144A,N/A,N/A,N/A,N/A,N/A
NTRCN 1.9 05/13/23,N/A,N/A,N/A,N/A,N/A
[object Object],N/A,N/A,N/A,N/A,N/A
[object Object],N/A,N/A,N/A,N/A,N/A
[object Object],N/A,N/A,N/A,N/A,N/A
ACR 2021-FL4 A,N/A,N/A,N/A,N/A,N/A
UBSCM 2018-C11 A2,N/A,N/A,N/A,N/A,N/A
PFE 4.65 05/19/25,N/A,N/A,N/A,N/A,N/A
TMO 0.797 10/18/23,N/A,N/A,N/A,N/A,N/A
WFC V1.654 06/02/24 MTN,N/A,N/A,N/A,N/A,N/A
COPAR 2020-1 A3,N/A,N/A,N/A,N/A,N/A
LCM 20A AR,N/A,N/A,N/A,N/A,N/A
[object Object],N/A,N/A,N/A,N/A,N/A
HSBC 4.01 08/10/23 YCD,N/A,N/A,N/A,N/A,N/A
[object Object],N/A,N/A,N/A,N/A,N/A
[object Object],N/A,N/A,N/A,N/A,N/A
[object Object],N/A,N/A,N/A,N/A,N/A
APH 4.75 03/30/26,N/A,N/A,N/A,N/A,N/A
MMM 2.25 03/15/23 MTN,N/A,N/A,N/A,N/A,N/A
PFG 3.125 05/15/23,N/A,N/A,N/A,N/A,N/A
NEE F 11/03/23,N/A,N/A,N/A,N/A,N/A
BZLNZ 3.375 03/01/23 144A,N/A,N/A,N/A,N/A,N/A
[object Object],N/A,N/A,N/A,N/A,N/A
[object Object],N/A,N/A,N/A,N/A,N/A
[object Object],N/A,N/A,N/A,N/A,N/A
CAG 0.5 08/11/23,N/A,N/A,N/A,N/A,N/A
PACLIF 5.5 08/28/26 144A,N/A,N/A,N/A,N/A,N/A
[object Object],N/A,N/A,N/A,N/A,N/A
VW 3.125 05/12/23 144A,N/A,N/A,N/A,N/A,N/A
BNS,The Bank of Nova Scotia,"The Bank of Nova Scotia provides various banking products and services in Canada, the United States, Mexico, Peru, Chile, Colombia, the Caribbean and Central America, and internationally. It operates in four segments: Canadian Banking, International Banking, Global Wealth Management, and Global Banking and Markets. The company offers financial advice and solutions, and day-to-day banking products, including debit and credit cards, chequing and saving accounts, investments, mortgages, loans, and insurance to individuals; and business banking solutions comprising lending, deposit, cash management, and trade finance solutions to small, medium, and large businesses, including automotive financing solutions to dealers and their customers. It also provides wealth management advice and solutions, including online brokerage, mobile investment, full-service brokerage, trust, private banking, and private investment counsel services; and retail mutual funds, exchange traded funds, liquid alternative funds, and institutional funds. In addition, the company offers international banking services for retail, corporate, and commercial customers; and lending and transaction, investment banking advisory, and capital markets access services to corporate customers. Further, it provides online, mobile, and telephone banking services. The Bank of Nova Scotia was founded in 1832 and is headquartered in Halifax, Canada.",Financial Services,Banks—Diversified,nan
MBGGR 3.7 05/04/23 144A,N/A,N/A,N/A,N/A,N/A
CRBG 0.4 09/13/23 144A,N/A,N/A,N/A,N/A,N/A
[object Object],N/A,N/A,N/A,N/A,N/A
[object Object],N/A,N/A,N/A,N/A,N/A
[object Object],N/A,N/A,N/A,N/A,N/A
[object Object],N/A,N/A,N/A,N/A,N/A
MUTOMA 5.8 07/27/26 144A,N/A,N/A,N/A,N/A,N/A
HNDA 0.875 07/07/23 MTN,N/A,N/A,N/A,N/A,N/A
TOYOTA 0.4 04/06/23 MTN,N/A,N/A,N/A,N/A,N/A
MMM,3M Company,"3M Company provides diversified technology services in the United States and internationally. The company operates through four segments: Safety and Industrial; Transportation and Electronics; Health Care; and Consumer. The Safety and Industrial segment offers industrial abrasives and finishing for metalworking applications; autobody repair solutions; closure systems for personal hygiene products, masking, and packaging materials; electrical products and materials for construction and maintenance, power distribution, and electrical original equipment manufacturers; structural adhesives and tapes; respiratory, hearing, eye, and fall protection solutions; and natural and color-coated mineral granules for shingles. The Transportation and Electronics segment provides ceramic solutions; attachment tapes, films, sound, and temperature management for transportation vehicles; premium large format graphic films for advertising and fleet signage; light management films and electronics assembly solutions; packaging and interconnection solutions; and reflective signage for highway, and vehicle safety. The Healthcare segment offers health care procedure coding and reimbursement software; skin, wound care, and infection prevention products and solutions; dentistry and orthodontia solutions; and filtration and purification systems. The Consumer segment provides consumer bandages, braces, supports, and consumer respirators; cleaning products for the home; retail abrasives, paint accessories, car care DIY products, picture hanging, and consumer air quality solutions; and stationery products. It offers its products through e-commerce and traditional wholesalers, retailers, jobbers, distributors, and dealers. 3M Company was founded in 1902 and is headquartered in St. Paul, Minnesota.",Industrials,Conglomerates,nan
SANTAN F 04/12/23,N/A,N/A,N/A,N/A,N/A
[object Object],N/A,N/A,N/A,N/A,N/A
UBS V5.711 01/12/27 144A,N/A,N/A,N/A,N/A,N/A
MUFG 3.455 03/02/23,N/A,N/A,N/A,N/A,N/A
[object Object],N/A,N/A,N/A,N/A,N/A
